{"mae": [0.012443916393560342, 0.006499557674573826, 0.0060765187124013605, 0.005826165756743702, 0.005776054573966238, 0.005747774566558347, 0.005019015254829444, 0.005027527852509974, 0.0050143175432155376, 0.004997713754949788, 0.005001303930434137, 0.004649810182274525, 0.004650061632906047, 0.004649260899480344, 0.0046421724198443814, 0.0046767312604215645, 0.004490018568596584, 0.00447727389395303, 0.004475982511604842, 0.00448087666627572, 0.004478412257241064], "mse": [0.0013507386479884452, 0.0009214338828268688, 0.0009134982279178116, 0.0009045124954725652, 0.0009033097134551442, 0.0009032238947010209, 0.000887022852192682, 0.0008869346106860209, 0.0008865205079977275, 0.0008864200985675111, 0.0008857444561551617, 0.0008801662214802397, 0.0008800247123597395, 0.0008808270602726135, 0.000880844923483011, 0.0008810860642355023, 0.0008778739948468675, 0.0008786398489078347, 0.0008773510472486129, 0.0008782497725743907, 0.000878357614648639], "r2": [0.014572605159584029, 0.32189557178083555, 0.3257984507439314, 0.3265860512786402, 0.3269939617061633, 0.32719922443463795, 0.33104130066291565, 0.33092525813440227, 0.3310936123298465, 0.33106921531545486, 0.33105680096161216, 0.3327697574262169, 0.3327526231857724, 0.33274124498400304, 0.33280978131593986, 0.3327956004469137, 0.333593996738393, 0.33361734538716187, 0.3336142378094617, 0.33361853393477525, 0.3336464193054362], "rmse": [0.03675239649313287, 0.03035512943189123, 0.0302241332037465, 0.030075114222103384, 0.03005511127005096, 0.030053683546297963, 0.029782928871967613, 0.029781447424294557, 0.02977449425259357, 0.029772808039677932, 0.029761459241024486, 0.02966759547857291, 0.029665210472196883, 0.029678730772602347, 0.029679031714040318, 0.02968309391278986, 0.029628938469794485, 0.02964185974104585, 0.02962011220857566, 0.029635279188399605, 0.029637098620624778], "loss": [0.06892604525351047, 0.06893426014459461, 0.06893647702924828, 0.06893571460877847, 0.06893625904833499, 0.06893664608360855, 0.06893403344564974, 0.06893547762322659, 0.06893426508840783, 0.06893339805066127, 0.06893405877784986, 0.06893344694991392, 0.0689329013064174, 0.06893309758568153, 0.06893123159378264, 0.06893366480853749, 0.06893438410204546, 0.06893202750479151, 0.06893368961354152, 0.06893261819126008, 0.06893294052847472], "reg_loss": [3.273012846074149, 3.2527360892750012, 3.2832778749961746, 3.2550171825943126, 3.2526746068714036, 3.264743115681564, 2.3437452208000114, 2.3522802052645733, 2.356057509614041, 2.373889366861658, 2.3541557782768163, 1.680257048719887, 1.683125375219527, 1.6808112653927065, 1.688696409076063, 1.6854870496676906, 1.2092363111650992, 1.2199235619752629, 1.21053534036295, 1.2092729295132316, 1.2100303726447101], "val_loss": [0.0010572268803668396, 0.0010411046716749617, 0.0010399226025017655, 0.0010454220587004812, 0.00104401892561263, 0.0010419314133620157, 0.0010274263371003113, 0.0010792960747003097, 0.0010343518840809757, 0.001029699167045093, 0.0010260543945438058, 0.0010264773552939293, 0.001027041496471144, 0.0010295462998848501, 0.001033826259080446, 0.0010441612548295362, 0.0010323254360314275, 0.0010314249012753176, 0.0010267063317555996, 0.0010272479554586508, 0.001026890090400406], "val_mae": [0.006376304592046811, 0.0054335245762113585, 0.0048706064718326645, 0.007869315220188716, 0.0057217996811505245, 0.00589369758515609, 0.0049768007695920975, 0.007499356693977923, 0.0062251342936541065, 0.005520866524170655, 0.0045561278667224005, 0.004830446417422348, 0.005450679167613653, 0.004789517661420779, 0.0063984795248900736, 0.006724640511156016, 0.005545124742885417, 0.005478731286111013, 0.005085135940413518, 0.005155825651550585, 0.0049573342794975725], "val_mse": [0.0010572268803668396, 0.0010411046716749617, 0.0010399226025017655, 0.0010454220587004812, 0.00104401892561263, 0.0010419314133620157, 0.0010274263371003115, 0.0010792960747003097, 0.0010343518840809757, 0.001029699167045093, 0.0010260543945438058, 0.0010264773552939295, 0.001027041496471144, 0.0010295462998848501, 0.0010338262590804462, 0.0010441612548295362, 0.0010323254360314275, 0.0010314249012753176, 0.0010267063317555996, 0.0010272479554586508, 0.0010268900904004063], "val_r2": [0.3224403366352336, 0.33227021385323313, 0.3307853948862303, 0.31176250718239007, 0.3326481947196381, 0.3323389585404397, 0.3335782119263469, 0.32959293039102383, 0.33220739050230147, 0.3327936148322428, 0.3331203437114199, 0.332533713175881, 0.3327648769711546, 0.3327240185362113, 0.33052371403181213, 0.32941854539416904, 0.332807624050706, 0.3326076360050687, 0.33222772021817165, 0.3325693244117955, 0.3329473397537153], "val_rmse": [0.03251502545542352, 0.032266153654796875, 0.03224783097359829, 0.0323329871601818, 0.03231128170798289, 0.03227896239599432, 0.03205349180823068, 0.03285264182223874, 0.0321613414533812, 0.032088925925388846, 0.03203208383080635, 0.03203868529284448, 0.03204748814604889, 0.03208654390682877, 0.0321531687253441, 0.032313484102299096, 0.0321298215997448, 0.032115804540371044, 0.03204225853081521, 0.032050709125675376, 0.03204512584466484], "learning_rate": [0.001, 0.001, 0.001, 0.001, 0.001, 0.001, 0.0005, 0.0005, 0.0005, 0.0005, 0.0005, 0.00025, 0.00025, 0.00025, 0.00025, 0.00025, 0.000125, 0.000125, 0.000125, 0.000125, 0.000125], "training_time": 29311.50461411476}