{"mae": [0.012581674192388953, 0.00754486417938276, 0.007111186604190584, 0.0065986811579429, 0.006014243763233857, 0.005902589959145893, 0.005804513892262938, 0.005788085885022589, 0.005819664444732999, 0.00518486574741102, 0.005171718521542284, 0.005203925142614819, 0.005213289803031065, 0.0051314152341172545, 0.004798607116582917, 0.004820125688793083, 0.0048197136714756925, 0.0048210073364274054, 0.004819307869943405, 0.004627069414062817, 0.004627417572078167, 0.004634028449634044, 0.004636319832155025, 0.004639530513453225, 0.004519966222412289, 0.004527321225873916, 0.004519158636432869, 0.004515386065982296], "mse": [0.001479357648223261, 0.0009667049208794548, 0.0009518757484514095, 0.0009308496121446046, 0.0009077987673990406, 0.0009061311356644681, 0.0008997324529147849, 0.0008970575650236762, 0.0008967221627479633, 0.0008839933340905086, 0.0008830222941276526, 0.0008822519265875196, 0.0008813904054655501, 0.0008808042507311665, 0.0008757214097571578, 0.0008754232693715633, 0.0008752571104276313, 0.0008744911976076409, 0.0008741814258085972, 0.0008718979001989154, 0.0008716752389989935, 0.0008715748506845338, 0.0008713223823816842, 0.0008713029745693366, 0.000870475517041637, 0.0008701789827884401, 0.0008700857709610756, 0.0008699105722938142], "r2": [-0.06924675098491458, 0.3200555249400039, 0.32248053737612287, 0.32455436114354647, 0.32668693523977604, 0.3262650394024519, 0.3275917338061326, 0.3283669693481181, 0.32845171407431045, 0.3321999466775509, 0.3323210157190924, 0.33257719430634786, 0.332710402061424, 0.33280988550685264, 0.3347619268958896, 0.3348190991326662, 0.3348648385061317, 0.33511747799365116, 0.3352342190081528, 0.33613389326965554, 0.33620955375252654, 0.33621133988689045, 0.3362860495132438, 0.3362908995026424, 0.33662331804051265, 0.33671491721230845, 0.3367639395801249, 0.336795680145114], "rmse": [0.038462418647600166, 0.031091878696525476, 0.030852483667468483, 0.0305098281238129, 0.03012969909240782, 0.03010201215308485, 0.02999554055046825, 0.0299509192684244, 0.029945319546599652, 0.029732025395026635, 0.029715691042404728, 0.02970272591173274, 0.029688219978057796, 0.02967834649590786, 0.029592590453644943, 0.029587552608682646, 0.029584744555727217, 0.02957179733475192, 0.029566559248728915, 0.02952791730208745, 0.029524146710768688, 0.0295224465565531, 0.02951817037659489, 0.029517841631280167, 0.02950382207514201, 0.029498796293890368, 0.029497216325631057, 0.029494246426952735], "loss": [0.06892324065038784, 0.0689409104334794, 0.06893809494364454, 0.06893993966813326, 0.06894051786768109, 0.06893701751614349, 0.06893791402966806, 0.06893637519114078, 0.06893737160772842, 0.06893540407896043, 0.06893488137213265, 0.06893366159365132, 0.06893437352895615, 0.06893405390470113, 0.06893362358826917, 0.06893324849034481, 0.06893286083229497, 0.06893327682375308, 0.06893348408388907, 0.06893274937827212, 0.06893238823288021, 0.06893331850259328, 0.06893305191860995, 0.06893268054905088, 0.06893307147064644, 0.06893392021208858, 0.06893263679905376, 0.06893281728986918], "reg_loss": [3.3373444554954568, 3.313876300031644, 3.333202936625474, 3.329619479751587, 3.301308192653984, 3.326769359872306, 3.3321431312498264, 3.315935751832917, 3.317627306706097, 2.3826457541161554, 2.371953843927728, 2.3762435399905755, 2.377993163596681, 2.393641211424277, 1.7005224613369725, 1.7146398703306258, 1.7162880886966159, 1.7140160623390543, 1.707356404489194, 1.2334282878795673, 1.2376060861023563, 1.2245978660430423, 1.2333775264245674, 1.2390487821998986, 0.8769563598136829, 0.8850873860156088, 0.8866134223593101, 0.8848986390817265], "val_loss": [0.001156583707575117, 0.0011078624594478678, 0.0012113098277650208, 0.0010435120520413618, 0.0010497321310624038, 0.0010708892089892241, 0.0010380303079131961, 0.0010312791601978664, 0.001040339699851397, 0.0010425497729106765, 0.0010356411928956, 0.0010450654645511846, 0.001038507713148846, 0.0010321602464315992, 0.0010301982432217168, 0.001031364750152657, 0.0010301764102359637, 0.0010240690082730264, 0.0010286084517006806, 0.001026565503361578, 0.0010348275356637444, 0.0010291108483051516, 0.0010265423295167692, 0.0010284603151613965, 0.001028006122033471, 0.0010255648952518701, 0.0010254694314184218, 0.001026551224221219], "val_mae": [0.009840723048055031, 0.009306874744673793, 0.010152388581482466, 0.0063613295864750116, 0.00538902385464695, 0.007474774063010488, 0.005203915349508495, 0.005298688345480631, 0.005662979048974753, 0.00697626132996821, 0.006068542518322805, 0.006734307151138082, 0.00762276681446222, 0.0062698911964327655, 0.005921797136750087, 0.006444409478026046, 0.006003229221744342, 0.005060190450613413, 0.005936899903243349, 0.005565024925776757, 0.0065116298297696424, 0.0060310867809465745, 0.005160131604590636, 0.005772996361959668, 0.005725362687184748, 0.0054241184792666736, 0.005537241489409151, 0.005884889445410489], "val_mse": [0.001156583707575117, 0.0011078624594478678, 0.0012113098277650208, 0.0010435120520413618, 0.0010497321310624043, 0.0010708892089892241, 0.001038030307913196, 0.0010312791601978664, 0.001040339699851397, 0.0010425497729106765, 0.0010356411928956, 0.0010450654645511846, 0.0010385077131488457, 0.0010321602464315992, 0.001030198243221717, 0.001031364750152657, 0.0010301764102359635, 0.0010240690082730269, 0.0010286084517006806, 0.001026565503361578, 0.0010348275356637446, 0.0010291108483051516, 0.0010265423295167694, 0.0010284603151613965, 0.0010280061220334711, 0.00102556489525187, 0.0010254694314184218, 0.0010265512242212192], "val_r2": [0.3288300000932465, 0.30538372176561174, 0.3291565347167113, 0.3321120990049403, 0.3321305044819108, 0.33196945862047433, 0.3319549759623395, 0.33349331603402366, 0.3315971720294113, 0.3294678657538898, 0.33233400196272805, 0.33110816169179386, 0.31134857681868117, 0.3321743316358063, 0.3319273695159452, 0.3287669554967008, 0.33228870764668805, 0.3340966241277867, 0.33117689533236394, 0.33279855717452145, 0.3311080580252291, 0.33184256688385155, 0.3331644049645921, 0.3327552125211229, 0.3325047309775211, 0.3330597622346012, 0.3333649951989169, 0.33287865765892094], "val_rmse": [0.034008582851614344, 0.03328456788735386, 0.03480387661978218, 0.03230343715522176, 0.03239956992094809, 0.03272444360091129, 0.03221847774047054, 0.03211353546711832, 0.032254297385796465, 0.03228853934309628, 0.03218137959901036, 0.03232747228830588, 0.03222588576205231, 0.03212725083837083, 0.032096701438336574, 0.032114868054417677, 0.03209636132392523, 0.03200107823610053, 0.032071926223734684, 0.03204006091382439, 0.032168735375574596, 0.03207975760982541, 0.03203969927319496, 0.03206961669807415, 0.03206253455410959, 0.03202444215364055, 0.032022951635013626, 0.03203983808044633], "learning_rate": [0.001, 0.001, 0.001, 0.001, 0.001, 0.001, 0.001, 0.001, 0.001, 0.0005, 0.0005, 0.0005, 0.0005, 0.0005, 0.00025, 0.00025, 0.00025, 0.00025, 0.00025, 0.000125, 0.000125, 0.000125, 0.000125, 0.000125, 6.25e-05, 6.25e-05, 6.25e-05, 6.25e-05], "training_time": 46476.06850814819}