{"mae": [0.012823655560303038, 0.006645644487133658, 0.005877976011941765, 0.005734688829752769, 0.005664048179168997, 0.0056111704557150165, 0.004983504215773941, 0.005004187582628078, 0.004984749448304322, 0.004962052509711215, 0.00496057828734804, 0.004633611393090607, 0.004632487275504417, 0.004632106289865569, 0.004616994419289088, 0.0046157998019418405, 0.004612834826955981, 0.0044588869622963385, 0.00446224558742997, 0.004450135268571075, 0.004453962684351557, 0.004455484273129538, 0.004361468956698482, 0.004362164012523762, 0.0043641144743242904, 0.00436151358132904, 0.004366633097550646, 0.004357334636232164, 0.004383618977623414, 0.004391633262916083], "mse": [0.0014509843645554605, 0.0009254161397682927, 0.0009039951078132194, 0.0008998430023143171, 0.0008981812028066537, 0.0008974444499632167, 0.0008851768486627259, 0.0008853625082555584, 0.0008849836374625995, 0.0008846752965863251, 0.000884596500763696, 0.0008801352792006714, 0.0008799025503014622, 0.0008794548670296794, 0.0008791775018908154, 0.0008791738938384637, 0.0008788865532426374, 0.0008772403219110586, 0.0008774104641520107, 0.0008770022910582876, 0.0008767548419385262, 0.0008767480908381155, 0.0008759666328134693, 0.0008758423113194374, 0.0008758379096644212, 0.0008757323869416807, 0.0008756247673527917, 0.0008743708687534448, 0.0008736557015715705, 0.0008731958263305625], "r2": [-0.027090526581014258, 0.322571378310529, 0.3261080407724871, 0.32678443055420575, 0.32710901421160704, 0.3273471372343613, 0.3309782083700106, 0.33097606881869024, 0.3310036371927591, 0.3310426106230849, 0.33110384127700737, 0.33275762183085505, 0.33270547618651064, 0.3328318107617248, 0.33283602892958825, 0.33279618890409823, 0.33287252172754384, 0.3336747952830675, 0.333681797341542, 0.33366751097532493, 0.3337525356104341, 0.3337428272023233, 0.33413621470207544, 0.3341532866765194, 0.3341624357814124, 0.3341913532129818, 0.33424909960788685, 0.33487624265041926, 0.3351848632500747, 0.3353658488514308], "rmse": [0.038091788676241765, 0.03042065317787067, 0.03006651140077976, 0.029997383257782957, 0.029969671383027436, 0.02995737722103216, 0.02975192176419409, 0.02975504172834511, 0.02974867454967699, 0.0297434916676964, 0.029742167048883578, 0.029667073991222516, 0.029663151388574043, 0.029655604310647243, 0.029650927504731035, 0.029650866662518715, 0.029646020866933177, 0.029618243059152893, 0.029621115174010764, 0.029614224471667117, 0.029610046300850765, 0.029609932300464915, 0.029596733482150854, 0.02959463315061427, 0.02959455878475672, 0.029592775924905737, 0.02959095752679848, 0.02956976274428736, 0.02955766739057009, 0.02954988707813555], "loss": [0.06888312631353771, 0.06893697656485646, 0.06893581202514291, 0.06893621158618184, 0.06893456421444648, 0.06893614701260263, 0.06893413474825559, 0.06893498829834817, 0.06893364923592175, 0.06893434192015474, 0.06893431785657142, 0.06893341475056643, 0.06893358252748771, 0.06893397348151131, 0.06893405647372691, 0.06893443887556827, 0.06893369768689797, 0.06893455084326486, 0.06893367283914949, 0.06893444538602043, 0.06893410373524424, 0.06893438652046614, 0.0689343798984288, 0.0689337954473661, 0.0689346624580607, 0.06893371881086414, 0.068934469976662, 0.06893471636536763, 0.06893364657356027, 0.06893351222244028], "reg_loss": [3.343128314809979, 3.3594200334280124, 3.332584828442103, 3.337309797445382, 3.337568424685982, 3.3403871402791694, 2.4063626043678035, 2.40283369291652, 2.4016843933095258, 2.4101966807729625, 2.402982786034209, 1.7388714911983252, 1.726122217350697, 1.7346348122960493, 1.71547701130515, 1.7373729458057448, 1.7285011907147867, 1.2385762321847096, 1.2408413865298118, 1.2485639452459192, 1.241466846880721, 1.2439777706207178, 0.8891537881720151, 0.8908620508952736, 0.8878917420009598, 0.8924132853326832, 0.8840351357476144, 0.6377928660657473, 0.6348785470633315, 0.6378463249340232], "val_loss": [0.0011283788297860747, 0.0010538318083284553, 0.0010482231926017534, 0.0010307788133800358, 0.0010300485831196853, 0.0010351583212145617, 0.0010358627270128863, 0.0010481410356010913, 0.0010347523665128354, 0.0010347239819144772, 0.0010302792556486653, 0.0010282052399389707, 0.0010357543462862556, 0.0010322054104207237, 0.0010282765590195356, 0.0010288508334276806, 0.0010377950776954215, 0.0010296508496833096, 0.0010279416791104073, 0.001025839926592862, 0.001026576419456689, 0.0010283330246767977, 0.0010259418298379486, 0.0010273659514647658, 0.0010271031246779604, 0.0010278036343353556, 0.0010279474576556345, 0.0010268678044692814, 0.0010272699803924755, 0.0010281160585379724], "val_mae": [0.00938583949066163, 0.006244073007803405, 0.005576128296466941, 0.005618404610346371, 0.005377375386194063, 0.005488602773888203, 0.006447573919395836, 0.006330792848930879, 0.00539503168940192, 0.0072016936295659535, 0.004883958301685295, 0.005415517234205708, 0.005857774899030415, 0.0057916121966798875, 0.005465513019397434, 0.005170028386872938, 0.006666457489965879, 0.00545600754524868, 0.005452348070978246, 0.004795181953357193, 0.005430928643269264, 0.005115367477569711, 0.004714216786750762, 0.005643746517294524, 0.005104313486702354, 0.005538756855139448, 0.005627566017374625, 0.005422288480511252, 0.005729176318763361, 0.0057154269871738635], "val_mse": [0.001128378829786075, 0.0010538318083284553, 0.0010482231926017534, 0.0010307788133800358, 0.0010300485831196853, 0.0010351583212145617, 0.0010358627270128861, 0.0010481410356010913, 0.0010347523665128358, 0.0010347239819144772, 0.0010302792556486648, 0.0010282052399389707, 0.0010357543462862558, 0.0010322054104207237, 0.0010282765590195358, 0.0010288508334276806, 0.0010377950776954215, 0.0010296508496833096, 0.0010279416791104073, 0.0010258399265928623, 0.001026576419456689, 0.0010283330246767977, 0.0010259418298379486, 0.0010273659514647658, 0.0010271031246779604, 0.0010278036343353558, 0.0010279474576556345, 0.0010268678044692812, 0.0010272699803924755, 0.0010281160585379721], "val_r2": [0.3266053166388602, 0.3308666936267908, 0.32908312694396796, 0.33300079766423896, 0.3320371838029858, 0.3318125739104109, 0.3299551032918275, 0.3292450511968838, 0.33190125300964096, 0.31809212277749566, 0.3328884903053027, 0.3327870258544874, 0.332012772563022, 0.3215049614178484, 0.3325066457195764, 0.33296046194394674, 0.3298576232047471, 0.3329241512924321, 0.3326276239848025, 0.3329948131814838, 0.33272706714957545, 0.3330610951478293, 0.3330190613651139, 0.33267345102243623, 0.33307585933721706, 0.33230478196038166, 0.33259624110553304, 0.33273486835491833, 0.3327254554437901, 0.33227361742559264], "val_rmse": [0.033591350520425264, 0.03246277573357607, 0.03237627515020456, 0.03210574424273693, 0.03209436995984943, 0.03217387637843102, 0.0321848213761221, 0.03237500634132898, 0.03216756699709873, 0.03216712579504854, 0.032097963419018744, 0.03206563955293845, 0.03218313760785694, 0.032127953722898756, 0.03206675161315121, 0.032075704722229884, 0.03221482698534048, 0.03208817304994645, 0.03206152958157809, 0.03202873595059384, 0.03204023126409497, 0.032067632040373634, 0.03203032672074933, 0.032052549843417544, 0.032048449645465854, 0.03205937669910873, 0.03206161969794468, 0.032044778115463385, 0.032051052718943186, 0.03206424891585599], "learning_rate": [0.001, 0.001, 0.001, 0.001, 0.001, 0.001, 0.0005, 0.0005, 0.0005, 0.0005, 0.0005, 0.00025, 0.00025, 0.00025, 0.00025, 0.00025, 0.00025, 0.000125, 0.000125, 0.000125, 0.000125, 0.000125, 6.25e-05, 6.25e-05, 6.25e-05, 6.25e-05, 6.25e-05, 3.125e-05, 3.125e-05, 3.125e-05], "training_time": 45629.818059682846}