{"mae": [0.011998425589370606, 0.006189519960425283, 0.005781498884098077, 0.005589272264401222, 0.005513292192280958, 0.005441810893326386, 0.004919228460943664, 0.0049030992799876955, 0.004904957924167811, 0.004898284172617184, 0.004890578161551647, 0.0046190192092541715, 0.004620500626845141, 0.0046254805679463735, 0.004622496960060428, 0.004622179058505992, 0.004460196754843232, 0.004470157813972965, 0.00446778407512172], "mse": [0.0014453655258634343, 0.0009176173885849457, 0.0009039377067789024, 0.000898304452425979, 0.0008938948170985256, 0.0008924367020588658, 0.0008836311630969551, 0.0008831275796966357, 0.0008829118252461734, 0.000882741083879784, 0.0008826592276730845, 0.0008790150836231597, 0.0008787358335698429, 0.0008786106772550428, 0.0008784328525724991, 0.000878229478950279, 0.0008766507293661192, 0.0008765358381724642, 0.0008764198718324229], "r2": [-0.03587126808915834, 0.3253369749270584, 0.3263036253835174, 0.32694136323276723, 0.32732585809018744, 0.3279357621794291, 0.33118256365174076, 0.3312277092133074, 0.3312484238395788, 0.33125832888552464, 0.3313307444929047, 0.33285327357639294, 0.3328756374345158, 0.33292335181969107, 0.33300004315210513, 0.3330204423088408, 0.3337304955866418, 0.3337923598253015, 0.3337958717562157], "rmse": [0.03801796319982745, 0.030292200127837295, 0.030065556818041843, 0.02997172755157732, 0.029898073802479743, 0.029873679084753958, 0.029725934183755354, 0.02971746253798658, 0.0297138322208054, 0.029710958986202112, 0.02970958141194663, 0.029648188538647008, 0.029643478769703174, 0.029641367668429924, 0.02963836791344117, 0.029634936796799127, 0.029608288187028296, 0.02960634793709728, 0.029604389401445573], "loss": [0.06885095576488438, 0.06893435936654177, 0.06893509936493346, 0.0689360120326251, 0.06893645149441131, 0.0689355676839535, 0.06893440454713094, 0.06893408238715297, 0.06893489753365592, 0.06893399697781155, 0.06893404739542658, 0.06893417417961176, 0.06893368188810131, 0.06893363040582234, 0.06893322182805732, 0.06893305004995354, 0.06893305792822607, 0.06893304645698856, 0.06893312180348062], "reg_loss": [3.2847242070772036, 3.2841056733200165, 3.2814460325806545, 3.3019811838960553, 3.2862472355674655, 3.294663588359933, 2.363459169690792, 2.370081061152624, 2.361937425477466, 2.382781419864517, 2.364230461793857, 1.6865406959466216, 1.6957711493012022, 1.7070229970635125, 1.704746982596788, 1.7013291566079998, 1.2161660857362147, 1.2184678543331073, 1.2228955901603296], "val_loss": [0.0010434439784146967, 0.0010432250734243908, 0.0010335404687419035, 0.0010385542039026135, 0.001032436187733754, 0.0010308715055515859, 0.0010842596957682824, 0.0010319717711013883, 0.0010274331645966847, 0.0010276365055866827, 0.001031026448294621, 0.0010328038106932047, 0.0010283630244995272, 0.0010316542748432743, 0.0010295959306834178, 0.0010292725149739447, 0.0010291802829633203, 0.0010283710540075874, 0.0010325388430941606], "val_mae": [0.006190113617848488, 0.0068425026751068796, 0.005840690044088874, 0.006726535782507256, 0.004850184419026591, 0.005207246325398757, 0.007581904717297661, 0.00603493020825114, 0.0052048191836872645, 0.005120743313613813, 0.006506094920035557, 0.005747057992185694, 0.005448490823888308, 0.005158395729476943, 0.005401609786960062, 0.005140310888095038, 0.005699295816752904, 0.005095243386969301, 0.005337837299271066], "val_mse": [0.0010434439784146965, 0.0010432250734243908, 0.0010335404687419033, 0.001038554203902613, 0.0010324361877337542, 0.0010308715055515859, 0.0010842596957682826, 0.0010319717711013885, 0.0010274331645966847, 0.0010276365055866827, 0.0010310264482946213, 0.0010328038106932047, 0.0010283630244995272, 0.0010316542748432741, 0.001029595930683418, 0.0010292725149739447, 0.0010291802829633203, 0.0010283710540075874, 0.0010325388430941608], "val_r2": [0.3318042335417212, 0.3298261527350114, 0.3327437978171703, 0.32683632118283495, 0.332821773821212, 0.32844029765286675, 0.3319036931920215, 0.3321472517389003, 0.332921987480364, 0.332858041607017, 0.32581779028139696, 0.3254907788246579, 0.3324176737356609, 0.33295172056585226, 0.3323277570448553, 0.3309647519211874, 0.3309603665107657, 0.33252352445347755, 0.3323470711208734], "val_rmse": [0.032302383478850234, 0.03229899492901274, 0.03214872421639626, 0.03222660708021577, 0.03213154505674687, 0.032107187755261064, 0.0329280988787431, 0.03212431744179771, 0.03205359830965448, 0.032056770042951654, 0.032109600562676276, 0.0321372651402263, 0.032068099795583886, 0.03211937538065263, 0.0320873172871061, 0.03208227727225648, 0.032080839810754956, 0.032068224989973915, 0.032133142440386384], "learning_rate": [0.001, 0.001, 0.001, 0.001, 0.001, 0.001, 0.0005, 0.0005, 0.0005, 0.0005, 0.0005, 0.00025, 0.00025, 0.00025, 0.00025, 0.00025, 0.000125, 0.000125, 0.000125], "training_time": 25685.482027053833}