{"mae": [0.012111377616932387, 0.006418415211323808, 0.005975129662670771, 0.006018723079903104, 0.0058719686406586424, 0.0059529873066448205, 0.005189587065755634, 0.005175552710154093, 0.005190070832166985, 0.005168566599527377, 0.005152839215532524, 0.00486818044020168, 0.0048533023026309475, 0.004856610830707495, 0.004856101681795909, 0.004858699331712046, 0.004665144657159915, 0.0046600262264870854, 0.004664699992302462, 0.0046589405080203995, 0.004660624569720406, 0.004541698270869073, 0.004535727712919886, 0.004534817988530163, 0.004532195652081163, 0.00453098344133545, 0.004463842148029406, 0.004458747372835678, 0.004457128413239503, 0.0044561171441195885, 0.004457760188969712, 0.004413671321041809, 0.004413881762958463, 0.0044135860664277615, 0.004418841644336268, 0.004418126922582896, 0.00438974655969859], "mse": [0.001418086373679611, 0.0009180823201539734, 0.000904188734583324, 0.0009044823968410895, 0.0008989565425553574, 0.0009018965642291433, 0.0008836156081063816, 0.0008817933913692333, 0.0008814882262981576, 0.0008813270326707909, 0.0008805453767107188, 0.000876481059403399, 0.0008756839313783281, 0.0008755317039350818, 0.0008753578047108076, 0.0008748353838045551, 0.000872899967935313, 0.0008725057510762434, 0.0008721469590892975, 0.0008719463927958519, 0.00087181466195536, 0.0008710280567520929, 0.0008708371502413142, 0.0008707228445789367, 0.000870665459516661, 0.00087069777335409, 0.0008705559644379809, 0.0008705042599313597, 0.0008703828002015015, 0.0008703277555067531, 0.0008702798284591642, 0.0008706055888483934, 0.0008705178846552257, 0.0008704565259089313, 0.0008704005870485975, 0.0008704213671189772, 0.0008709275489042379], "r2": [-0.20211287142470244, 0.32276251688708085, 0.32707826479907903, 0.32773906428851785, 0.32848531576634915, 0.32836626751924913, 0.33220958171007253, 0.3325555701874557, 0.33267025862225014, 0.33269684259653115, 0.33286702358069215, 0.33459179013218976, 0.3348446753977241, 0.33483476146975044, 0.3349495955907434, 0.33505878314501064, 0.3358605492080611, 0.33599803021115754, 0.33610053710600823, 0.33615393139198324, 0.3361791046772515, 0.33655556122911584, 0.3366242282491032, 0.3366724729538999, 0.3366803378542251, 0.3366466518038751, 0.33675416241782047, 0.33676862293026133, 0.3368068202323847, 0.33682747748114766, 0.33682919578768516, 0.33673758046577223, 0.33675642367820185, 0.3367811167390058, 0.3368146516975941, 0.3367978428885419, 0.3366050736454387], "rmse": [0.037657487617731626, 0.030299873269602522, 0.03006973120237898, 0.03007461382696525, 0.02998260399890839, 0.030031592768768416, 0.029725672542541094, 0.0296950061688701, 0.02968986740115485, 0.029687152653476063, 0.02967398484718085, 0.029605422803996553, 0.02959195720763208, 0.029589384987442402, 0.029586446300811586, 0.029577616263055332, 0.029544880570672696, 0.02953820832542562, 0.029532134347000683, 0.029528738422016133, 0.029526507784622277, 0.029513184456308558, 0.02950995002098977, 0.02950801322656164, 0.029507040846493925, 0.029507588402885282, 0.029505185382199872, 0.029504309175633306, 0.029502250765009463, 0.02950131786050842, 0.02950050556277238, 0.029506026314100542, 0.029504540068525483, 0.029503500231479844, 0.029502552212454392, 0.029502904384466577, 0.029511481645356913], "loss": [0.06891938732785023, 0.06893506440772314, 0.06893573429694097, 0.06893626450895937, 0.068933936937699, 0.06893355641691716, 0.06893326916575367, 0.06893386913337347, 0.06893355550403903, 0.06893309034810803, 0.06893311989398804, 0.06893269306902268, 0.06893229884186833, 0.06893271610085613, 0.06893189965673563, 0.06893255044295336, 0.06893224887429769, 0.06893251441824505, 0.0689319351995136, 0.06893231037905527, 0.06893177239000678, 0.06893241632115985, 0.06893178344413736, 0.06893219893260122, 0.06893187305418857, 0.06893174546510031, 0.06893405894991354, 0.06893211048306518, 0.06893280954437864, 0.06893256690011122, 0.06893266356391661, 0.06893370254878328, 0.06893294243711473, 0.0689333540779238, 0.06893346546673698, 0.06893402474152513, 0.06893459900695949], "reg_loss": [3.3406737597066414, 3.34752246008094, 3.3192491944354985, 3.340754002071436, 3.3533196221270383, 3.3388261508569332, 2.4175988853401336, 2.3984468033131403, 2.3943478979497623, 2.4046906476443315, 2.390292126937127, 1.7267127129092896, 1.7179873387572262, 1.7386538087968915, 1.7251998893864964, 1.7332927983772244, 1.2405195016503194, 1.2391040554195447, 1.2406389730750904, 1.2381064658290488, 1.2360089116779758, 0.8953428366796301, 0.8923895904792798, 0.8903290836190387, 0.8818959112618152, 0.8879599672540007, 0.6385697913153098, 0.6428314771459993, 0.6411354336273543, 0.6399758872484302, 0.637901392376033, 0.45635218638854425, 0.4573587304903297, 0.45867286298036414, 0.4556080971833776, 0.45723187555674105, 0.32671443861493743], "val_loss": [0.001068515289516285, 0.0010318726725098127, 0.0010323973060918645, 0.0010322069341394283, 0.001039270490118237, 0.001030241884025259, 0.0010438064565819018, 0.0010432046469631769, 0.0010743599763483353, 0.0010283967224353615, 0.0010335403846444913, 0.0010316727739763903, 0.0010345115156166766, 0.0010417881197092595, 0.0010329439311716954, 0.0010260352850417545, 0.0010253923285365224, 0.00102465973328281, 0.0010230372198707942, 0.0010275922519134722, 0.001024078469950112, 0.0010218332910556791, 0.001024454920899482, 0.0010210340654854236, 0.0010216823453001213, 0.0010218990816659968, 0.0010197966678223845, 0.0010212594171545616, 0.0010204781545786676, 0.0010219482004624972, 0.001020721705134756, 0.001021895144400179, 0.0010205968417203836, 0.0010200898520803232, 0.0010207070609182373, 0.001020628068131872, 0.0010207203625909225], "val_mae": [0.008207190583807176, 0.005470700074496231, 0.005742980397668228, 0.0055415066394784865, 0.006339021420431974, 0.005825246659812914, 0.007055871714637959, 0.007022564515587585, 0.006906279716063455, 0.005204988899534666, 0.006862836944919966, 0.005922162911258609, 0.006744209379103417, 0.007002216672041401, 0.005999555948138754, 0.0054000034137661026, 0.005687961664645796, 0.005381349636240988, 0.00510547671017057, 0.00513983760576361, 0.0052617263134317836, 0.0052117357718955044, 0.006016235738055515, 0.005419472898870557, 0.005488503403371685, 0.005556062201716245, 0.005069426184296835, 0.0053482575498152085, 0.005273895934057986, 0.005737749393077629, 0.005166265821536839, 0.00547017590517133, 0.0052723008217655035, 0.004962458795888891, 0.00518236087353652, 0.005017298925540109, 0.005271633439152656], "val_mse": [0.0010685152895162852, 0.0010318726725098127, 0.0010323973060918645, 0.0010322069341394283, 0.001039270490118237, 0.001030241884025259, 0.0010438064565819018, 0.0010432046469631764, 0.0010743599763483353, 0.0010283967224353615, 0.001033540384644491, 0.0010316727739763901, 0.0010345115156166766, 0.0010417881197092595, 0.0010329439311716954, 0.0010260352850417545, 0.0010253923285365226, 0.0010246597332828102, 0.0010230372198707942, 0.0010275922519134724, 0.001024078469950112, 0.0010218332910556793, 0.001024454920899482, 0.0010210340654854236, 0.0010216823453001213, 0.0010218990816659968, 0.0010197966678223845, 0.0010212594171545618, 0.0010204781545786676, 0.001021948200462497, 0.0010207217051347557, 0.0010218951444001792, 0.0010205968417203836, 0.0010200898520803232, 0.0010207070609182373, 0.0010206280681318719, 0.0010207203625909223],