{"loss": [0.0013016771794362256, 0.0010142113429314162, 0.0010010085695994517, 0.000999381052308714, 0.0009924905115463077, 0.000987004492804826, 0.0009869290186603889, 0.0009687210499882372, 0.0009677183850559062, 0.0009663199610120608, 0.0009657091724379742, 0.0009651470958908012], "mae": [0.010528249578697624, 0.008008264923416237, 0.007763928745749226, 0.007695991895921406, 0.007577282029603434, 0.007479467522138581, 0.007457389811658937, 0.007007831706801222, 0.006978313731919396, 0.0069564652658588985, 0.006941437809130051, 0.006933038883745901], "mse": [0.001301677179436226, 0.0010142113429314162, 0.0010010085695994517, 0.000999381052308714, 0.0009924905115463079, 0.000987004492804826, 0.0009869290186603887, 0.0009687210499882372, 0.0009677183850559063, 0.0009663199610120607, 0.0009657091724379739, 0.0009651470958908011], "r2": [0.28597960447591236, 0.32621881515636786, 0.3272068258380918, 0.3277226496851531, 0.32813161444329064, 0.32841991457004, 0.32858812908686896, 0.3308044192514995, 0.33083590282285297, 0.3308898120141663, 0.3309361949688873, 0.3308846640567866], "rmse": [0.036078763551932125, 0.03184668495984184, 0.031638719468389545, 0.031612988664609265, 0.0315038174122805, 0.03141662764850528, 0.03141542644403206, 0.0311242839273169, 0.031108172319438927, 0.03108568739809465, 0.03107586157193351, 0.031066816635934896], "val_loss": [0.0014298804126891987, 0.0011739991296840636, 0.001264647925699821, 0.0013555118961390107, 0.001376073570706212, 0.0017340215471491924, 0.0015754806014051602, 0.0016240040460411252, 0.0017346663923092634, 0.0017176518559182128, 0.0016975971584684208, 0.0017138074864465986], "val_mae": [0.014906580512678064, 0.01093291742019158, 0.011515411765687105, 0.01375326879436715, 0.013983526586789988, 0.017266769883119513, 0.01550492849147571, 0.016755200449316218, 0.017726723429689808, 0.017778512429874854, 0.017540264810649887, 0.017880435178053294], "val_mse": [0.0014298804126891985, 0.0011739991296840636, 0.001264647925699821, 0.0013555118961390109, 0.001376073570706212, 0.0017340215471491924, 0.0015754806014051602, 0.0016240040460411252, 0.0017346663923092636, 0.0017176518559182128, 0.0016975971584684208, 0.0017138074864465986], "val_r2": [0.3216645976625772, 0.32859278520797625, 0.32980452404845567, 0.3239021619022406, 0.3266960005446286, 0.3163062361537419, 0.32360016674861175, 0.3235591585400059, 0.3221589544001609, 0.3218933824328473, 0.3224142372147875, 0.32181902542004287], "val_rmse": [0.037813759568299986, 0.03426367069775309, 0.03556188866890819, 0.03681727714183941, 0.03709546563538746, 0.04164158434965212, 0.03969232421268828, 0.04029893355960087, 0.04164932643283998, 0.04144456364733755, 0.041201907218822054, 0.04139815800789449], "learning_rate": [0.001, 0.001, 0.001, 0.001, 0.001, 0.001, 0.001, 0.0005, 0.0005, 0.0005, 0.0005, 0.0005], "training_time": 81498.86516261101}