{"loss": [0.024915584200504153, 0.0199414125659809, 0.01993987074204276, 0.019942919345984796, 0.019930799107856927, 0.019933705032416073, 0.019959761375332945, 0.01994797690126123, 0.019953220824249055, 0.01994155098114403, 0.01994611468592725, 0.01998730105507171, 0.019983638156837753, 0.019983301242064506, 0.019988429085096463, 0.019988376275356302, 0.01998547881518955, 0.020033797253260544, 0.020020378473025974, 0.020028602282134253, 0.020024484222386906, 0.020024648195457247], "mae": [0.06688724607185577, 0.06642619554287225, 0.06643969800272963, 0.06641941564147338, 0.0664013429813442, 0.0664217421012617, 0.06649099485557258, 0.0664466036982269, 0.06645511824757243, 0.06644023846850228, 0.06646222849994803, 0.06655299226948412, 0.06653610326612173, 0.06654432554850619, 0.0665539533419356, 0.06656031540259383, 0.06654837270277056, 0.06672037250138511, 0.06662634693102576, 0.0666567974369313, 0.06664296062225404, 0.0666504881850729], "mse": [0.024915584200504153, 0.019941412565980903, 0.019939870742042756, 0.019942919345984793, 0.019930799107856927, 0.019933705032416076, 0.019959761375332945, 0.019947976901261235, 0.019953220824249055, 0.01994155098114403, 0.01994611468592725, 0.01998730105507171, 0.019983638156837753, 0.019983301242064506, 0.019988429085096463, 0.019988376275356302, 0.01998547881518955, 0.020033797253260544, 0.02002037847302597, 0.020028602282134253, 0.020024484222386906, 0.020024648195457247], "r2": [-7.68983500962646, 0.0013308001537052732, 0.0015521088091170476, 0.0015020795889790772, 0.0016885431932751975, 0.0016586810950376767, 0.002236087282086093, 0.002468200254296541, 0.0023904499250869313, 0.0025737236172402498, 0.002480676245744403, 0.0023443066771741496, 0.002410928999305025, 0.0023928597627684844, 0.0023288101405164463, 0.0023278400762143012, 0.00236630734918016, 0.0017970364616471945, 0.002040046581716748, 0.001906693207066194, 0.0019710122468226863, 0.0019627494276482174], "rmse": [0.15784671108548368, 0.14121406645933296, 0.1412086071811586, 0.14121940145031348, 0.14117648213444378, 0.1411867735746379, 0.14127901958653644, 0.1412373070447792, 0.14125587005235943, 0.14121455654833898, 0.14123071438581358, 0.14137645155778847, 0.14136349654998548, 0.14136230488381443, 0.1413804409566488, 0.14138025419186478, 0.14137000677367725, 0.1415407971337612, 0.1414933866759361, 0.14152244444657622, 0.14150789455852597, 0.14150847393515784], "val_loss": [0.022323426781395376, 0.02246581873763421, 0.022442533813849443, 0.022332389626896876, 0.02243983461512745, 0.02251686888632249, 0.022300334779453035, 0.022395026304814353, 0.022288855499713548, 0.022308613975883698, 0.022281749786044185, 0.02219392733828007, 0.02219580771057989, 0.02220925609751583, 0.022201785563927077, 0.02220357293605579, 0.022197339684985124, 0.022248427373608187, 0.0222285109684069, 0.022252034148581196, 0.022236427014143988, 0.022231830414201927], "val_mae": [0.0752657702733268, 0.07568298321843991, 0.07543526915967881, 0.07424469873449435, 0.07403290541112287, 0.0779095169127477, 0.074613490703596, 0.0758489192628333, 0.07625452252604406, 0.07576131794106758, 0.07434390485503906, 0.07381161353150398, 0.07422352670234969, 0.07381971192249538, 0.07346651597840766, 0.07360902837065474, 0.07365113122943809, 0.07200008298285093, 0.07231097596300554, 0.07192126830738421, 0.0720184707996276, 0.0721082921308984], "val_mse": [0.022323426781395376, 0.02246581873763421, 0.022442533813849443, 0.022332389626896876, 0.02243983461512745, 0.02251686888632249, 0.022300334779453035, 0.022395026304814353, 0.022288855499713548, 0.022308613975883698, 0.022281749786044185, 0.022193927338280073, 0.02219580771057989, 0.02220925609751583, 0.022201785563927077, 0.022203572936055793, 0.022197339684985124, 0.022248427373608187, 0.0222285109684069, 0.022252034148581196, 0.022236427014143988, 0.022231830414201927], "val_r2": [-0.003508052473276383, -0.004797235006176533, -0.004285283769755936, -0.002639594878339239, -0.005739834305129514, -0.014678766564265885, -0.0021734030795352854, -0.004526595583256225, -0.007587573228435322, -0.0050338662968392916, -0.001729823479483213, -0.0010936165219475047, -0.0013186111745785063, -0.0009218053349988597, -0.0005539186767150964, -0.0006535000224125268, -0.0006991541674365997, -0.0017653210410566444, -0.0016596927904183694, -0.0017424967898256316, -0.0014537770179526472, -0.0014208007577710309], "val_rmse": [0.14941026330676008, 0.14988601915333602, 0.14980832357999818, 0.14944025437243097, 0.1497993144681492, 0.15005621908578962, 0.14933296615099104, 0.14964967859910142, 0.1492945260205931, 0.14936068417051288, 0.14927072648729284, 0.14897626434529787, 0.14898257519112726, 0.14902770244996677, 0.14900263609724185, 0.14900863376346954, 0.1489877165573898, 0.14915906735297116, 0.1490922901038377, 0.14917115722746538, 0.14911883520918473, 0.14910342187287964], "learning_rate": [0.001, 0.001, 0.001, 0.001, 0.001, 0.001, 0.0005, 0.0005, 0.0005, 0.0005, 0.0005, 0.00025, 0.00025, 0.00025, 0.00025, 0.00025, 0.00025, 0.000125, 0.000125, 0.000125, 0.000125, 0.000125 ], "training_time": 2694.510973215103}