{"mae": [0.0865958034992218, 0.05743516981601715, 0.05395336449146271, 0.05223021283745766, 0.05149087682366371, 0.050833798944950104, 0.050186365842819214, 0.04961109906435013, 0.04932876303792, 0.048965051770210266, 0.048488643020391464, 0.04812360554933548, 0.04774390161037445, 0.047577910125255585, 0.04732095077633858, 0.04707023501396179, 0.04696780443191528, 0.04565480723977089, 0.04550764337182045, 0.045476920902729034, 0.045344047248363495, 0.045298635959625244, 0.045197706669569016, 0.04453121870756149, 0.04446399584412575, 0.04438114911317825, 0.0443444661796093, 0.04432924464344978, 0.04398440569639206, 0.04392136633396149, 0.043891869485378265, 0.0438486784696579, 0.04383300989866257, 0.04360117390751839, 0.04360160604119301, 0.043593861162662506, 0.04357340186834335, 0.04357355460524559, 0.043440405279397964], "mse": [0.01619499735534191, 0.006860900204628706, 0.006258324719965458, 0.005979446694254875, 0.005858228076249361, 0.005748032592236996, 0.005650067236274481, 0.005559200420975685, 0.005501176230609417, 0.005428966134786606, 0.005353137850761414, 0.005288851913064718, 0.005221903324127197, 0.005179025232791901, 0.00513550965115428, 0.005095185246318579, 0.005070556420832872, 0.004882510751485825, 0.004852919839322567, 0.0048428974114358425, 0.004818914923816919, 0.004805637989193201, 0.004785105120390654, 0.004688906017690897, 0.004672270268201828, 0.0046601127833127975, 0.004648334346711636, 0.004641915671527386, 0.004590371623635292, 0.0045786271803081036, 0.004571788944303989, 0.0045647700317204, 0.004562844522297382, 0.0045283217914402485, 0.004523283336311579, 0.004520715214312077, 0.004517825786024332, 0.0045164297334849834, 0.004495758097618818], "r2": [0.44401225447654724, 0.7012143731117249, 0.7260646820068359, 0.7357218265533447, 0.7401319146156311, 0.7436723709106445, 0.7469050288200378, 0.7497577667236328, 0.7519094347953796, 0.7548225522041321, 0.7574259638786316, 0.7599797248840332, 0.7625446319580078, 0.7644152641296387, 0.7657979130744934, 0.7675261497497559, 0.7684491276741028, 0.7749245762825012, 0.7761293053627014, 0.7766497731208801, 0.7773517966270447, 0.7779515385627747, 0.7788477540016174, 0.7824623584747314, 0.783207893371582, 0.7837616801261902, 0.784278929233551, 0.7845624089241028, 0.7864581942558289, 0.7869396209716797, 0.7872977256774902, 0.7875445485115051, 0.7876729965209961, 0.7889873385429382, 0.7891449928283691, 0.7893133759498596, 0.7893238067626953, 0.7894604802131653, 0.7902317047119141], "rmse": [0.12725956737995148, 0.08283054828643799, 0.0791095718741417, 0.07732687890529633, 0.0765390619635582, 0.07581578195095062, 0.07516692578792572, 0.07456004619598389, 0.07416991144418716, 0.07368151843547821, 0.07316514104604721, 0.07272448390722275, 0.07226274162530899, 0.07196544110774994, 0.07166247069835663, 0.07138056308031082, 0.07120783627033234, 0.06987496465444565, 0.0696628987789154, 0.06959092617034912, 0.06941840797662735, 0.06932271271944046, 0.06917445361614227, 0.06847558915615082, 0.06835401058197021, 0.06826502084732056, 0.068178690969944, 0.06813160330057144, 0.06775227934122086, 0.06766555458307266, 0.06761500239372253, 0.06756307929754257, 0.06754883378744125, 0.06729280948638916, 0.06725536286830902, 0.0672362670302391, 0.06721477210521698, 0.06720438599586487, 0.06705041229724884], "loss": [0.35829633474349976, 0.36187782883644104, 0.3620874583721161, 0.3621728718280792, 0.3621906340122223, 0.3621971905231476, 0.3621906340122223, 0.3621981143951416, 0.3621915578842163, 0.36220067739486694, 0.36219170689582825, 0.36218971014022827, 0.3621988892555237, 0.3621937036514282, 0.36220696568489075, 0.36218512058258057, 0.3621988296508789, 0.3621929883956909, 0.3621998131275177, 0.3621944189071655, 0.3621998727321625, 0.36219194531440735, 0.3621917963027954, 0.36220815777778625, 0.3621935546398163, 0.36220258474349976, 0.3621983230113983, 0.36219123005867004, 0.36219513416290283, 0.36218854784965515, 0.3621916174888611, 0.36218929290771484, 0.3622044622898102, 0.3621971011161804, 0.36219921708106995, 0.3621916174888611, 0.36220166087150574, 0.36219748854637146, 0.36219727993011475], "val_loss": [0.007804807275533676, 0.006410371512174606, 0.006090298295021057, 0.0058549540117383, 0.005553011782467365, 0.005541756749153137, 0.005910797975957394, 0.005590623710304499, 0.0053491005674004555, 0.005378582514822483, 0.005392375867813826, 0.005101853050291538, 0.00513928709551692, 0.005049859173595905, 0.0052137491293251514, 0.005236814264208078, 0.005154529120773077, 0.004882246255874634, 0.004990555811673403, 0.005094493273645639, 0.0051116254180669785, 0.004912997595965862, 0.005110090598464012, 0.004923859611153603, 0.004887389950454235, 0.00486814696341753, 0.004933576565235853, 0.004987652879208326, 0.004849241115152836, 0.004881127271801233, 0.00486946664750576, 0.0049005779437720776, 0.0048556881956756115, 0.004884615074843168, 0.0048840646632015705, 0.0048905061557888985, 0.0048697697930037975, 0.004874266684055328, 0.004872746299952269], "val_mae": [0.05974029749631882, 0.05134787783026695, 0.05320372059941292, 0.04900617524981499, 0.047745201736688614, 0.048490043729543686, 0.050426311790943146, 0.050145335495471954, 0.047169070690870285, 0.04633724316954613, 0.049238383769989014, 0.04586955904960632, 0.04535292834043503, 0.04546321928501129, 0.046698883175849915, 0.04784812778234482, 0.045025646686553955, 0.04406813904643059, 0.04591076448559761, 0.04521563649177551, 0.046950794756412506, 0.04458466172218323, 0.04554089903831482, 0.04422025382518768, 0.04431530088186264, 0.0436139777302742, 0.04485958442091942, 0.04325607419013977, 0.04389527067542076, 0.04384438320994377, 0.043907444924116135, 0.044565990567207336, 0.043705783784389496, 0.044131193310022354, 0.043629102408885956, 0.04388465732336044, 0.04393885284662247, 0.04394524171948433, 0.043735321611166], "val_mse": [0.007557371165603399, 0.006227842997759581, 0.005981073249131441, 0.0057775224559009075, 0.005502356681972742, 0.005493659991770983, 0.005867219530045986, 0.005554816219955683, 0.00531415082514286, 0.005344487261027098, 0.005357293877750635, 0.005070834886282682, 0.005106643307954073, 0.005018546245992184, 0.005181735847145319, 0.005205622874200344, 0.005123396869748831, 0.004855054896324873, 0.004964291118085384, 0.005069424398243427, 0.005087567493319511, 0.004890228621661663, 0.005087966565042734, 0.004902058746665716, 0.004867087583988905, 0.004847636912018061, 0.004913437645882368, 0.00496880104765296, 0.004830062389373779, 0.004862139001488686, 0.0048508294858038425, 0.0048826634883880615, 0.004838166292756796, 0.004867091309279203, 0.004866717383265495, 0.004873521160334349, 0.004852620419114828, 0.004857287276536226, 0.0048558712005615234], "val_r2": [0.6802862286567688, 0.7289602160453796, 0.7467278838157654, 0.7526090145111084, 0.7583472728729248, 0.7606744766235352, 0.7512190341949463, 0.7578873634338379, 0.7670273184776306, 0.7650530338287354, 0.7632617950439453, 0.7751447558403015, 0.7733189463615417, 0.7761352062225342, 0.7734335064888, 0.7666382193565369, 0.7721240520477295, 0.7826516032218933, 0.7771849632263184, 0.777298629283905, 0.7718752026557922, 0.7813364863395691, 0.7773788571357727, 0.7817280292510986, 0.782315194606781, 0.7826698422431946, 0.780944287776947, 0.7751466631889343, 0.7832366824150085, 0.7820367813110352, 0.7823949456214905, 0.7820565104484558, 0.7824323177337646, 0.7826766967773438, 0.7816335558891296, 0.7821022868156433, 0.7828259468078613, 0.7820256352424622, 0.7821944355964661],