{"mae": [0.07377893477678299, 0.05493474751710892, 0.05310812592506409, 0.05189774930477142, 0.050837162882089615, 0.0502527579665184, 0.04953348636627197, 0.04898165166378021, 0.04864014685153961, 0.04827038198709488, 0.04795615375041962, 0.046433188021183014, 0.0462203174829483, 0.04612717032432556, 0.045887257903814316, 0.04580021649599075, 0.04568279907107353, 0.045564837753772736, 0.04547163099050522, 0.045403432101011276, 0.044608671218156815, 0.04452294483780861, 0.04446522146463394, 0.0444214791059494, 0.044390011578798294, 0.04393945261836052, 0.0438980869948864, 0.043890323489904404, 0.04386863484978676, 0.04381507635116577, 0.04361175000667572, 0.04353070259094238, 0.043562278151512146, 0.04353874921798706], "mse": [0.011565864086151123, 0.006415942218154669, 0.006107425782829523, 0.005918668117374182, 0.005753958597779274, 0.0056599839590489864, 0.005545653868466616, 0.005453941877931356, 0.005392352119088173, 0.005328488070517778, 0.00526823103427887, 0.0050485506653785706, 0.005008198320865631, 0.004979226738214493, 0.004944019019603729, 0.004921900574117899, 0.004896216560155153, 0.0048748948611319065, 0.004851869773119688, 0.004831875208765268, 0.004716739524155855, 0.004700609482824802, 0.0046882531605660915, 0.004676091019064188, 0.004665362183004618, 0.004601683001965284, 0.00459186639636755, 0.004588385112583637, 0.0045808241702616215, 0.004572000820189714, 0.0045383526012301445, 0.004527276381850243, 0.004531143233180046, 0.004523054696619511], "r2": [0.5640819668769836, 0.7216853499412537, 0.7328896522521973, 0.7388219833374023, 0.7439437508583069, 0.746680498123169, 0.7502792477607727, 0.7533761858940125, 0.7555349469184875, 0.7578439116477966, 0.7603560090065002, 0.7677123546600342, 0.769179105758667, 0.7705826163291931, 0.7717530727386475, 0.7728938460350037, 0.774014949798584, 0.7749316096305847, 0.7758287787437439, 0.7769277095794678, 0.7810180187225342, 0.7817907333374023, 0.7822051048278809, 0.7828236222267151, 0.7834253311157227, 0.7857632040977478, 0.7861120104789734, 0.7863662838935852, 0.7868062853813171, 0.7870420813560486, 0.7883977890014648, 0.7887625098228455, 0.7886593341827393, 0.7890666127204895], "rmse": [0.10754470527172089, 0.08009958267211914, 0.07815001904964447, 0.0769328773021698, 0.07585485279560089, 0.0752328634262085, 0.07446914911270142, 0.07385081052780151, 0.07343263924121857, 0.07299649715423584, 0.07258258014917374, 0.0710531547665596, 0.07076863199472427, 0.07056362926959991, 0.0703137218952179, 0.07015626132488251, 0.06997296959161758, 0.06982044875621796, 0.06965536624193192, 0.06951168924570084, 0.06867852061986923, 0.06856098771095276, 0.06847082078456879, 0.06838195025920868, 0.06830345839262009, 0.06783570349216461, 0.0677633136510849, 0.06773761659860611, 0.06768178939819336, 0.06761657446622849, 0.06736729294061661, 0.06728503853082657, 0.0673137679696083, 0.06725365668535233], "loss": [0.35929062962532043, 0.3619428277015686, 0.36212876439094543, 0.3621807396411896, 0.3621882200241089, 0.36219164729118347, 0.36219409108161926, 0.3621903359889984, 0.3621940612792969, 0.36219069361686707, 0.3621978759765625, 0.36219725012779236, 0.3622015416622162, 0.3621860146522522, 0.3621906638145447, 0.3621961772441864, 0.36219996213912964, 0.36220404505729675, 0.3621973693370819, 0.362198144197464, 0.36219650506973267, 0.36218592524528503, 0.3621896207332611, 0.36219552159309387, 0.3621969521045685, 0.3621940612792969, 0.36219853162765503, 0.3621983230113983, 0.36218026280403137, 0.36221060156822205, 0.36218398809432983, 0.36220428347587585, 0.36218133568763733, 0.36220231652259827], "val_loss": [0.006624375004321337, 0.0060723926872015, 0.005847789812833071, 0.006271416787058115, 0.005689828656613827, 0.005523843225091696, 0.0056746769696474075, 0.0055792913772165775, 0.005458527244627476, 0.005586567334830761, 0.005545424297451973, 0.005263737868517637, 0.005289778579026461, 0.005095191299915314, 0.004964251536875963, 0.004926267080008984, 0.004993380978703499, 0.00526753906160593, 0.005003428086638451, 0.00534758809953928, 0.0052259028889238834, 0.005066592246294022, 0.005235102027654648, 0.0048827906139194965, 0.005130734760314226, 0.005045081023126841, 0.005144575610756874, 0.00522958068177104, 0.005220702383667231, 0.0050564119592309, 0.005010178778320551, 0.004972632043063641, 0.004984071012586355, 0.00508811604231596], "val_mae": [0.05235716328024864, 0.05171235650777817, 0.05088203400373459, 0.051615990698337555, 0.04868299514055252, 0.04878413677215576, 0.049484964460134506, 0.04974059760570526, 0.04801248013973236, 0.0477469339966774, 0.048736296594142914, 0.04721086472272873, 0.047324951738119125, 0.04594951868057251, 0.04390634968876839, 0.044724948704242706, 0.044902004301548004, 0.04668661952018738, 0.044911932200193405, 0.0484844334423542, 0.047066573053598404, 0.04597752168774605, 0.04775289073586464, 0.044047363102436066, 0.04615222290158272, 0.045410964637994766, 0.04676906764507294, 0.047118961811065674, 0.047322701662778854, 0.04539567232131958, 0.04533785954117775, 0.04439912363886833, 0.04493841528892517, 0.04607696458697319], "val_mse": [0.006551927421241999, 0.005987448152154684, 0.0057725985534489155, 0.00621420331299305, 0.005636274348944426, 0.005479980260133743, 0.005630363244563341, 0.005540406331419945, 0.005422262940555811, 0.005550583824515343, 0.005511275492608547, 0.005233294330537319, 0.00526251969859004, 0.005069167353212833, 0.0049407645128667355, 0.004903181456029415, 0.004970741458237171, 0.005243430845439434, 0.0049807485193014145, 0.005324352066963911, 0.005204374436289072, 0.0050460826605558395, 0.005214564967900515, 0.004864146932959557, 0.005111283622682095, 0.005026078317314386, 0.005126014351844788, 0.005211432930082083, 0.005202288739383221, 0.005039059091359377, 0.004993018228560686, 0.004955874755978584, 0.004967553541064262, 0.005071581806987524], "val_r2": [0.7154328227043152, 0.7472686767578125, 0.75174480676651, 0.7376118302345276, 0.7561216950416565, 0.7619228363037109, 0.7614391446113586, 0.7627263069152832, 0.7657678723335266, 0.7604040503501892, 0.7661247253417969, 0.7734803557395935, 0.7737340927124023, 0.7769980430603027, 0.7794957756996155, 0.7813851833343506, 0.7797495722770691, 0.773518979549408, 0.7806574702262878, 0.7743763327598572, 0.7758180499076843, 0.7795781493186951, 0.7762625217437744, 0.7825222015380859, 0.7767323851585388, 0.7790771126747131, 0.7784509658813477, 0.7750062346458435, 0.775386393070221, 0.7776287198066711, 0.7803935408592224, 0.7798242568969727, 0.7811253666877747, 0.7787707448005676], "val_rmse": [0.08094397932291031, 0.07737860083580017, 0.075977623462677, 0.07883021980524063, 0.07507512718439102, 0.07402689009904861, 0.07503574341535568, 0.07443390786647797, 0.0736360102891922, 0.07450223714113235, 0.07423796504735947, 0.07234150916337967, 0.07254322618246078, 0.07119809091091156, 0.07029057294130325, 0.07002272456884384, 0.07050348818302155, 0.07241153717041016, 0.07057441771030426, 0.07296815514564514, 0.07214134931564331, 0.07103578746318817, 0.07221194356679916, 0.06974343955516815, 0.0714932382106781, 0.07089483737945557, 0.0715961903333664, 0.07219025492668152, 0.07212689518928528, 0.07098633050918579, 0.07066129148006439, 0.07039797306060791, 0.07048087567090988, 0.07121504098176956],