{"loss": [0.0072859665378928185, 0.005531515926122665, 0.005221950821578503, 0.005040418356657028, 0.004893646575510502, 0.004763238597661257, 0.004662865307182074, 0.0045584687031805515, 0.004442037083208561, 0.004357798025012016, 0.004286545794457197, 0.004222559742629528, 0.004162072204053402, 0.0041161938570439816, 0.0040698121301829815, 0.004024331457912922, 0.003981166984885931, 0.0038150271866470575, 0.003783006453886628, 0.0037578504998236895, 0.0037359895650297403, 0.0037173160817474127, 0.003618287853896618, 0.0035983810666948557, 0.0035840794444084167, 0.0035699366126209497, 0.003554298309609294, 0.0034990401472896338], "mae": [0.056099243462085724, 0.048690177500247955, 0.04679702967405319, 0.04577147588133812, 0.04492907598614693, 0.044187065213918686, 0.043597351759672165, 0.04317845404148102, 0.042690176516771317, 0.04230130836367607, 0.04192127659916878, 0.04160560667514801, 0.041343435645103455, 0.041159842163324356, 0.04091111943125725, 0.0406835675239563, 0.04046405851840973, 0.03934447467327118, 0.03920072317123413, 0.039107583463191986, 0.03899402916431427, 0.03894171863794327, 0.038297638297080994, 0.038222964853048325, 0.03816058114171028, 0.038104236125946045, 0.03804497420787811, 0.03770190849900246], "mse": [0.007285967003554106, 0.005531515926122665, 0.005221950821578503, 0.005040418356657028, 0.004893646575510502, 0.004763238597661257, 0.004662865307182074, 0.0045584687031805515, 0.004442037083208561, 0.004357798025012016, 0.0042865462601184845, 0.004222559742629528, 0.004162072204053402, 0.0041161938570439816, 0.0040698121301829815, 0.004024331457912922, 0.003981166984885931, 0.003815026953816414, 0.003783006453886628, 0.0037578509654849768, 0.0037359895650297403, 0.0037173163145780563, 0.003618288319557905, 0.0035983810666948557, 0.0035840794444084167, 0.0035699366126209497, 0.003554298309609294, 0.0034990401472896338], "r2": [0.6950675845146179, 0.7480543255805969, 0.7580817341804504, 0.7652060389518738, 0.7708913683891296, 0.7765583992004395, 0.7805408835411072, 0.7862033843994141, 0.7923133969306946, 0.7967092394828796, 0.8001936078071594, 0.8033662438392639, 0.8064667582511902, 0.80879807472229, 0.810906708240509, 0.8130965232849121, 0.8151302933692932, 0.822131335735321, 0.8236332535743713, 0.8247068524360657, 0.8257433772087097, 0.8266682624816895, 0.8309946656227112, 0.8318970203399658, 0.8325662612915039, 0.8332667350769043, 0.8339988589286804, 0.8364531993865967], "rmse": [0.08535787463188171, 0.07437416166067123, 0.07226306945085526, 0.07099590450525284, 0.06995460391044617, 0.0690162181854248, 0.06828517466783524, 0.06751643121242523, 0.06664860993623734, 0.06601361930370331, 0.06547171622514725, 0.06498122960329056, 0.06451412290334702, 0.06415756791830063, 0.06379508227109909, 0.06343761831521988, 0.06309648603200912, 0.06176590546965599, 0.06150614842772484, 0.06130130961537361, 0.06112274155020714, 0.060969799757003784, 0.06015220656991005, 0.059986505657434464, 0.05986718088388443, 0.059748947620391846, 0.05961793661117554, 0.05915268510580063], "val_loss": [0.005796009674668312, 0.0056511107832193375, 0.005190956871956587, 0.005104763433337212, 0.004922919906675816, 0.005056146066635847, 0.004792128223925829, 0.0048926216550171375, 0.004660413134843111, 0.004716814495623112, 0.00480493763461709, 0.00448185857385397, 0.0045290919952094555, 0.00455963471904397, 0.004551277495920658, 0.004582821391522884, 0.004572539124637842, 0.004427928477525711, 0.004595197271555662, 0.004463311284780502, 0.004507888574153185, 0.00452853087335825, 0.004548582714051008, 0.004556400701403618, 0.00457823695614934, 0.00462921941652894, 0.004566528834402561, 0.00458210613578558], "val_mae": [0.04941217601299286, 0.04691951721906662, 0.04661967232823372, 0.045263003557920456, 0.044454507529735565, 0.04657594487071037, 0.043661929666996, 0.04499153047800064, 0.04256809502840042, 0.044819802045822144, 0.0448458194732666, 0.04214383661746979, 0.04285762086510658, 0.04314374178647995, 0.04268229007720947, 0.042525358498096466, 0.043242499232292175, 0.04176633432507515, 0.043915972113609314, 0.041870731860399246, 0.04202507436275482, 0.04225826635956764, 0.041940946131944656, 0.04236980527639389, 0.042787328362464905, 0.04263632744550705, 0.04220706969499588, 0.04234592616558075], "val_mse": [0.0057960087433457375, 0.005651111248880625, 0.005190956871956587, 0.005104762967675924, 0.004922919906675816, 0.005056146066635847, 0.004792128223925829, 0.0048926216550171375, 0.004660413134843111, 0.004716814495623112, 0.00480493763461709, 0.00448185857385397, 0.004529091529548168, 0.00455963471904397, 0.004551277030259371, 0.004582821391522884, 0.0045725395902991295, 0.004427929408848286, 0.004595196805894375, 0.004463311284780502, 0.004507888574153185, 0.00452853087335825, 0.004548582714051008, 0.004556400701403618, 0.00457823695614934, 0.004629218485206366, 0.004566528834402561, 0.00458210613578558], "val_r2": [0.7483013272285461, 0.7532550692558289, 0.7694535851478577, 0.7751303315162659, 0.7807149291038513, 0.7766265273094177, 0.7865660190582275, 0.7865163683891296, 0.7925879955291748, 0.7880699038505554, 0.7920887470245361, 0.8005899786949158, 0.7986857891082764, 0.7983384132385254, 0.799251139163971, 0.7963664531707764, 0.7987044453620911, 0.8025212287902832, 0.7958951592445374, 0.800642192363739, 0.798056423664093, 0.7977740168571472, 0.7969195246696472, 0.796215832233429, 0.7959094047546387, 0.7932469248771667, 0.7952634692192078, 0.7949226498603821], "val_rmse": [0.07613152265548706, 0.07517386972904205, 0.07204829901456833, 0.07144762575626373, 0.07016352564096451, 0.07110658288002014, 0.06922519952058792, 0.06994727998971939, 0.06826721876859665, 0.0686790719628334, 0.06931765377521515, 0.06694667786359787, 0.0672985315322876, 0.06752506643533707, 0.06746315211057663, 0.06769654154777527, 0.06762055307626724, 0.06654268503189087, 0.06778787821531296, 0.06680801510810852, 0.06714081019163132, 0.06729435920715332, 0.06744318455457687, 0.06750111281871796, 0.06766267120838165, 0.06803836673498154, 0.067576102912426, 0.06769125908613205], "learning_rate": [0.0010000000474974513, 0.0010000000474974513, 0.0010000000474974513, 0.0010000000474974513, 0.0010000000474974513, 0.0010000000474974513, 0.0010000000474974513, 0.0010000000474974513, 0.0010000000474974513, 0.0010000000474974513, 0.0010000000474974513, 0.0010000000474974513, 0.0010000000474974513, 0.0010000000474974513, 0.0010000000474974513, 0.0010000000474974513, 0.0010000000474974513, 0.0005000000237487257, 0.0005000000237487257, 0.0005000000237487257, 0.0005000000237487257, 0.0005000000237487257, 0.0002500000118743628, 0.0002500000118743628, 0.0002500000118743628, 0.0002500000118743628, 0.0002500000118743628, 0.0001250000059371814], "training_time": 1495.3936882019043}