{"mae": [0.034731362015008926, 0.028494268655776978, 0.027943365275859833, 0.02767472341656685, 0.027475496754050255, 0.0273142009973526, 0.027164509519934654, 0.02703014947474003, 0.026458926498889923, 0.026357702910900116, 0.026355184614658356, 0.026281071826815605, 0.026249917224049568, 0.025915298610925674, 0.025913752615451813, 0.02587525174021721, 0.025850914418697357, 0.025799954310059547, 0.02579823136329651, 0.02560664527118206, 0.025599045678973198, 0.025604430586099625, 0.025582898408174515, 0.025578217580914497, 0.025463199242949486, 0.02547523006796837, 0.025447897613048553, 0.025451529771089554, 0.0254382211714983, 0.02539888024330139, 0.025396678596735, 0.025389380753040314, 0.02538636326789856, 0.02538924477994442, 0.02535378932952881, 0.025346670299768448, 0.025345902889966965, 0.025333456695079803], "mse": [0.003120104316622019, 0.0020781471394002438, 0.0020252736285328865, 0.0020001379307359457, 0.001980387605726719, 0.0019636736251413822, 0.0019474516157060862, 0.0019333629170432687, 0.001883834833279252, 0.0018726858543232083, 0.0018705894472077489, 0.0018623279174789786, 0.0018586276564747095, 0.0018302577082067728, 0.0018280784133821726, 0.001824211678467691, 0.0018209501868113875, 0.0018165428191423416, 0.0018147245282307267, 0.0017987056635320187, 0.0017967807361856103, 0.0017973380163311958, 0.001795163843780756, 0.0017940497491508722, 0.0017855132464319468, 0.0017856836784631014, 0.0017825186951085925, 0.001781877945177257, 0.001781510072760284, 0.001778450096026063, 0.0017776109743863344, 0.0017773248255252838, 0.0017762131756171584, 0.001777243916876614, 0.0017729540122672915, 0.0017740107141435146, 0.0017726062797009945, 0.0017721273470669985], "r2": [0.7668306827545166, 0.8188183307647705, 0.8215322494506836, 0.8226277232170105, 0.8237207531929016, 0.8246833682060242, 0.8256658911705017, 0.8263771533966064, 0.8292344212532043, 0.8298554420471191, 0.8300369381904602, 0.8306177258491516, 0.8307945132255554, 0.832495391368866, 0.8328593373298645, 0.8329488635063171, 0.8331632614135742, 0.8334262371063232, 0.8336823582649231, 0.8346066474914551, 0.8347398638725281, 0.8347737789154053, 0.834892213344574, 0.8350176811218262, 0.8354742527008057, 0.8355100750923157, 0.8357019424438477, 0.8357799649238586, 0.8358175158500671, 0.8360511660575867, 0.8361348509788513, 0.8360910415649414, 0.8361502289772034, 0.8361551761627197, 0.8363826870918274, 0.8363180756568909, 0.8364130854606628, 0.8363175392150879], "rmse": [0.05585789307951927, 0.04558669775724411, 0.04500304162502289, 0.04472289979457855, 0.044501546770334244, 0.04431335628032684, 0.04412994161248207, 0.0439700223505497, 0.04340316727757454, 0.043274540454149246, 0.04325030744075775, 0.043154697865247726, 0.043111804872751236, 0.04278150945901871, 0.042756032198667526, 0.042710792273283005, 0.042672593146562576, 0.04262091591954231, 0.04259958490729332, 0.04241114854812622, 0.04238845035433769, 0.04239502176642418, 0.04236937314271927, 0.0423562228679657, 0.04225533455610275, 0.04225734993815422, 0.04221988469362259, 0.04221229627728462, 0.04220793768763542, 0.042171675711870193, 0.042161725461483, 0.0421583317220211, 0.04214514419436455, 0.0421573705971241, 0.04210646077990532, 0.04211900755763054, 0.042102329432964325, 0.04209664463996887], "loss": [0.3227563202381134, 0.32367175817489624, 0.3236689269542694, 0.32366880774497986, 0.32366886734962463, 0.3236704468727112, 0.32367199659347534, 0.32366907596588135, 0.32366877794265747, 0.3236732482910156, 0.323668509721756, 0.32367175817489624, 0.32367032766342163, 0.32366862893104553, 0.32367268204689026, 0.3236701190471649, 0.3236701488494873, 0.32367146015167236, 0.32366907596588135, 0.32366979122161865, 0.3236686587333679, 0.32366737723350525, 0.32367193698883057, 0.32367196679115295, 0.32367178797721863, 0.3236680030822754, 0.32367241382598877, 0.32367199659347534, 0.3236667215824127, 0.3236660957336426, 0.32367435097694397, 0.32367053627967834, 0.323667049407959, 0.3236743211746216, 0.32367345690727234, 0.3236716091632843, 0.3236692249774933, 0.32366830110549927], "val_loss": [0.0019213008927181363, 0.0018736450001597404, 0.0017822745721787214, 0.0018968235235661268, 0.001887927413918078, 0.0017733706627041101, 0.0017680857563391328, 0.0017191858496516943, 0.0017480116803199053, 0.0017056455835700035, 0.0016837235307320952, 0.0017122267745435238, 0.001717639621347189, 0.001653457642532885, 0.0016761381411924958, 0.0016587538411840796, 0.0016535151517018676, 0.0016739601269364357, 0.001654698047786951, 0.001642115181311965, 0.0016710114432498813, 0.0016328246565535665, 0.0016335349064320326, 0.001637221546843648, 0.0016287335893139243, 0.0016307160258293152, 0.0016347015043720603, 0.0016281309071928263, 0.0016369350487366319, 0.0016459639882668853, 0.0016313373344019055, 0.0016355857951566577, 0.0016353372484445572, 0.001649051671847701, 0.0016371769597753882, 0.0016393252881243825, 0.0016291735228151083, 0.0016360452864319086], "val_mae": [0.025055725127458572, 0.02493351325392723, 0.02410811558365822, 0.025524616241455078, 0.02636120468378067, 0.023549530655145645, 0.02366156317293644, 0.023295409977436066, 0.023730801418423653, 0.0234657134860754, 0.02331230230629444, 0.023818008601665497, 0.023660508915781975, 0.022771500051021576, 0.023176582530140877, 0.02276485227048397, 0.02260269969701767, 0.022671503946185112, 0.0223925169557333, 0.022426655516028404, 0.02295135334134102, 0.022473832592368126, 0.022107131779193878, 0.022521937265992165, 0.022366905584931374, 0.022276805713772774, 0.022495262324810028, 0.02238953858613968, 0.022442225366830826, 0.022617511451244354, 0.022543637081980705, 0.02237749844789505, 0.02243773825466633, 0.022707922384142876, 0.022487353533506393, 0.022530686110258102, 0.022328127175569534, 0.022427693009376526], "val_mse": [0.0018794324714690447, 0.0018497540149837732, 0.001764486893080175, 0.0018807437736541033, 0.001873354078270495, 0.0017590427305549383, 0.0017545543378219008, 0.0017062363913282752, 0.0017363149672746658, 0.0016951935831457376, 0.0016737037803977728, 0.0017019187798723578, 0.001708502764813602, 0.0016441317275166512, 0.0016672344645485282, 0.0016503994120284915, 0.0016452939016744494, 0.0016659031389281154, 0.0016468336107209325, 0.0016345494659617543, 0.0016635764623060822, 0.0016255197115242481, 0.00162629468832165, 0.0016301436116918921, 0.001621818053536117, 0.0016238122479990125, 0.0016279069241136312, 0.0016214399365708232, 0.0016301285941153765, 0.001639400259591639, 0.0016248319298028946, 0.0016290524508804083, 0.001628832658752799, 0.0016425260109826922, 0.0016307078767567873, 0.0016328998608514667, 0.0016228106105700135, 0.0016296852845698595], "val_r2": [0.8177485466003418, 0.820685088634491, 0.8216319680213928, 0.8191803097724915, 0.82206791639328, 0.8201749324798584, 0.820422887802124, 0.8263261914253235, 0.8250845074653625, 0.8264877200126648, 0.8278117179870605, 0.8268365859985352, 0.8281562328338623, 0.8291427493095398, 0.8290532231330872, 0.8291500210762024, 0.8293773531913757, 0.8283395767211914, 0.8286890983581543, 0.8301712870597839, 0.8286325335502625, 0.8308329582214355, 0.8303156495094299, 0.8307695388793945, 0.8312316536903381, 0.8307916522026062, 0.8309369087219238, 0.8313179016113281, 0.8306103348731995, 0.8304924964904785, 0.8315451741218567, 0.8305867314338684, 0.8309211730957031, 0.8299569487571716, 0.8308429718017578, 0.8307053446769714, 0.8309695720672607, 0.830756664276123],