{"mae": [0.06342436299248966, 0.05162761353046239, 0.050183622267857914, 0.04917429698665164, 0.04833324401088403, 0.04758319651343228, 0.04712202628830204, 0.04664306410299089, 0.04635991290210739, 0.0458047304718414, 0.045499515942817155, 0.04521414333682423, 0.04489624792613987, 0.04474532883928906, 0.044490167635314486, 0.044280294433674865, 0.0441580556885395, 0.043955601818846224, 0.043837160642147696, 0.04369825394929619, 0.043571112639651244, 0.0425651178402927, 0.04249015191014628, 0.042449654956236184, 0.04236783239016713, 0.04232630642674059, 0.042255214993495514, 0.04172118131850335, 0.04165760440076636, 0.04161943296019134, 0.0415788018300632, 0.04154496939599372, 0.041513163170577745, 0.04119627705969517, 0.041169744726227274, 0.041143660495296205, 0.04111486076363847, 0.04110256101089814, 0.04093386747121912, 0.040914383672312725, 0.04090156182826626, 0.04088243875054597, 0.04087494313438315, 0.040788168309806624, 0.04077302288179303, 0.04076981928260696, 0.04075443275869278, 0.04075787368296677, 0.04070767675598721, 0.040700614949849355, 0.040704589508798544], "mse": [0.009857850814972886, 0.005955296446836323, 0.0057407605719925325, 0.0055846509362403336, 0.005447569649411233, 0.005335631933227617, 0.005260519184999068, 0.005185932996130448, 0.005147836376756095, 0.005054904184762351, 0.005013612080702401, 0.004960130734702727, 0.004910565239146374, 0.004883768903652425, 0.004841996587670639, 0.004807669299131275, 0.0047863780714510005, 0.0047540156642507875, 0.004741267827903906, 0.004708219568831716, 0.004687000940544882, 0.004548372112180428, 0.004531664405477918, 0.004519750648576903, 0.004502401569263285, 0.004492029609281639, 0.00447683192201897, 0.004399018609418462, 0.004388694274627644, 0.004378319709976782, 0.004369697389940864, 0.0043598223024248865, 0.004352552325246982, 0.00430695190842833, 0.004299738245081311, 0.004294442040371263, 0.004287513253207685, 0.004283457411481474, 0.004258333734786356, 0.00425421668820911, 0.004249955924311402, 0.004246568001241912, 0.00424415969639161, 0.004230945574270288, 0.004228704772018237, 0.004226758331480927, 0.004224873506280858, 0.0042237675805511824, 0.004216590279157068, 0.0042155488449689745, 0.0042150399781762425], "r2": [0.6268465929800955, 0.7317800495066188, 0.7389597701454366, 0.7447639209293057, 0.7500137460395973, 0.753399075491104, 0.7560331261704366, 0.7584893639744279, 0.7600282551924527, 0.7633968754958564, 0.7648608480695799, 0.7670065004737774, 0.7689414667061589, 0.7702732722720453, 0.771984676456086, 0.7733959602721212, 0.7743746886610104, 0.7758939977486706, 0.7762503639015104, 0.7778018428678672, 0.7787612082926131, 0.7842285124959135, 0.7850382191035141, 0.7856361363312782, 0.7864519722834681, 0.786958901671257, 0.787688268789854, 0.7909465404186563, 0.7913740591304097, 0.7918946010704405, 0.7923353531272052, 0.7928601978505466, 0.7933146687871065, 0.7951583232088635, 0.7955159318493251, 0.7957942055858105, 0.7961438643859685, 0.7963730894960818, 0.7974295610770105, 0.797649107370855, 0.7978507037508115, 0.7980446152572239, 0.7981551924384424, 0.7987106240041747, 0.7988253045683694, 0.7989330524442163, 0.7990395359706394, 0.7990934121180805, 0.7994101956296581, 0.7994480507146204, 0.799481988136994], "rmse": [0.09928671016290593, 0.07717056723153151, 0.07576780696306666, 0.07473052211941472, 0.07380765305448504, 0.07304541007638753, 0.07252943667917922, 0.07201342233313487, 0.07174842421096156, 0.07109784936805298, 0.07080686464391996, 0.0704281955945396, 0.07007542535829786, 0.06988396742924964, 0.06958445650912737, 0.06933735861086197, 0.0691836546552074, 0.06894937029626005, 0.06885686478415864, 0.06861646718413676, 0.06846167497618563, 0.06744162002932928, 0.06731763814542156, 0.06722909079094334, 0.06709993717778939, 0.06702260521109007, 0.066909131828316, 0.06632509788472582, 0.06624722088229545, 0.06616887266666088, 0.06610368665922396, 0.06602895048707716, 0.06597387608172633, 0.06562737164040879, 0.06557238935010155, 0.06553199249504979, 0.06547910547042991, 0.06544812763923406, 0.06525590957749616, 0.06522435655649744, 0.0651916860060499, 0.06516569650699601, 0.06514721556898354, 0.06504571910794966, 0.06502849200172366, 0.0650135242198185, 0.06499902696410814, 0.06499051915896027, 0.0649352776166936, 0.06492725810450473, 0.06492333924080186], "loss": [0.36188868417094155, 0.36220133161012047, 0.3621888148033703, 0.36219398714619694, 0.36219248478710514, 0.3621880864671065, 0.36219015012126826, 0.36219520364768537, 0.362187008907286, 0.3621809679880324, 0.3621925667643411, 0.3621860753235986, 0.362175322409865, 0.36218445634770075, 0.3621796003267169, 0.36217652996461747, 0.3621769840905468, 0.36217191733292226, 0.3621828808713568, 0.3621738535023882, 0.3621816171749237, 0.3621824917261036, 0.36218063325430055, 0.3621841825928186, 0.36218954452593005, 0.36218598222739384, 0.36219073038862504, 0.36218381265492394, 0.3621903227186679, 0.36218871882866926, 0.3621931945094631, 0.3621845415814913, 0.3621928578173199, 0.3622015407691185, 0.3621888042496091, 0.36219307956002567, 0.3621949411790691, 0.36218965060261576, 0.3621950827953833, 0.362193963222702, 0.3621954745607132, 0.36218729226794666, 0.3621956045507472, 0.36218923778363254, 0.3621921235552766, 0.36218647245081353, 0.36219300504248647, 0.3621968123909453, 0.36219312598573766, 0.362185066011677, 0.3621957725881991], "reg_loss": [3.3367486671758346, 3.327292945357619, 3.329082041208338, 3.3269507096395694, 3.346209382673212, 3.3479695004613843, 3.352051678336492, 3.3334255846011, 3.3398080975871904, 3.3687550547815137, 3.315710990269676, 3.3336897149050495, 3.340366425780163, 3.3276315207657454, 3.3441316959610976, 3.3431379907474152, 3.3447915330489995, 3.3316229056963396, 3.3334875112695874, 3.3409852670397995, 3.3370293283517336, 2.3834434892024126, 2.409810696806372, 2.397676851125815, 2.4159448495228286, 2.4101265633159015, 2.421410932152101, 1.727398335029557, 1.7321141659821393, 1.7300063962632377, 1.724038221387587, 1.7317253887275257, 1.7244286582141057, 1.2378887722860206, 1.2473243656680482, 1.2319694666942536, 1.2403037812071065, 1.246203224392294, 0.8802873698309066, 0.8881979718717892, 0.8880110909001891, 0.8859711918798965, 0.8931494228826607, 0.6389471470810795, 0.6347592679510499, 0.6389147533355244, 0.6398034712634312, 0.6380532630536773, 0.45588432050083577, 0.45576079452210805, 0.4587163108697078], "val_loss": [0.0060216753187354085, 0.0059409751312743345, 0.005630232364412143, 0.00561030717253064, 0.005456587196444932, 0.005665297369548464, 0.005371728106965095, 0.005264643716459653, 0.005256965967916267, 0.005397188200544597, 0.005040717620493001, 0.005031623499564542, 0.005161619222287278, 0.0049733019877031175, 0.005149552200435942, 0.004934319234464164, 0.004926379237524902, 0.0051540182969054054, 0.004940416550246322, 0.005033846181509068, 0.0048411842478743245, 0.00477562641337906, 0.004761503710982486, 0.004737518698074031, 0.004778193295601796, 0.0048865737623782395, 0.004723009618181978, 0.004671138645745652, 0.0047418642498304985, 0.004683299421261156, 0.004697600969611645, 0.00464475544651595, 0.004671237652356924, 0.004618853201060964, 0.004638463475494129, 0.004631561289978046, 0.004618879417754582, 0.00462859334870753, 0.004600621631803792, 0.00461748965961054, 0.004597780402396427, 0.0046164066409121835, 0.004609107210442639, 0.004611303181943867, 0.0046058294830341835, 0.00460904913907542, 0.00460512760272376, 0.004598932800856757, 0.004602804124299776, 0.004602715080334793, 0.004604469664886539],