{"mae": [0.06654966369613197, 0.05174286356337103, 0.04979614648003142, 0.04857087614421831, 0.04776672587137414, 0.047109565782398936, 0.046573647652561515, 0.04611325930319085, 0.04564433598137044, 0.04538039693211727, 0.04512824477270217, 0.044841140572948746, 0.04462337890269701, 0.044412425344562134, 0.04423258806647408, 0.04400278587175953, 0.04387541882502362, 0.043716140515024995, 0.04347516362052624, 0.043394083362833985, 0.04329244593851903, 0.043144285368814074, 0.0429960832942488, 0.04287490448751004, 0.04187397009715982, 0.04180932649051711, 0.04169043105727135, 0.04163480314885074, 0.04159195910595465, 0.041499462447285654, 0.040946710648684916, 0.0409030050530619, 0.04085976403930837, 0.040833261349271684, 0.04080829390418688, 0.04077260800253751, 0.040722977820171515, 0.040698863779487775, 0.04067499835115158, 0.04063326302564037, 0.04031532044514417, 0.040280514640168866, 0.04026728339348375, 0.04024524959578562, 0.040230706481423885, 0.04005884030905653, 0.040032150332652255, 0.04003248477967651, 0.04001814672699151, 0.04000848823429309, 0.03991767198814961, 0.03990843910612834, 0.03990389545544716, 0.03989547053488078, 0.03989274368715805, 0.03984468696768963, 0.039844873093540345, 0.039844733714455904, 0.0398351696592463, 0.0398338889162535, 0.0398115701538885, 0.03981051032579167, 0.03980998856347741, 0.03980788445563647, 0.039805723743320684, 0.03979255834555358, 0.0397945443566617, 0.0397898328974719, 0.039792958340934756, 0.03979124892430643, 0.0397854359390725, 0.0397829138523061, 0.039786609591916045], "mse": [0.011259692315979954, 0.005979751494223823, 0.005690025038781964, 0.00551689417820201, 0.005381518601602008, 0.005273695471944767, 0.0051910099827334934, 0.005116234521439223, 0.005043974091888471, 0.004998123686507014, 0.004951254873271995, 0.004912030170298223, 0.004867829751816851, 0.004834585243535398, 0.004799688702341984, 0.0047613262485629824, 0.004734641357633437, 0.004706264693264383, 0.004670252011437107, 0.004655425251805615, 0.004629740105830266, 0.004603725206456678, 0.004569058285541225, 0.004546898034410112, 0.004402187096663478, 0.004380274200019915, 0.00435710221492349, 0.00433851316583511, 0.004324218462605411, 0.0043064964265747, 0.004226519176697406, 0.004213790536180913, 0.004204088302350375, 0.004195507610152633, 0.004189954965322048, 0.00418031406371129, 0.00417189018561936, 0.004164381210866241, 0.0041561992139345465, 0.004148331853258984, 0.004101590653825764, 0.004094009020058648, 0.004091067857341722, 0.004085041501001773, 0.004079906333522396, 0.004055591250152283, 0.0040504399958045025, 0.004049529621228775, 0.004047239537810157, 0.004043943628400442, 0.004030361078089741, 0.004028825327361743, 0.004027756018322715, 0.0040257749480159515, 0.004024736755502477, 0.004017941413610576, 0.00401710201842558, 0.004016600391210646, 0.004015568084488126, 0.004015433114856876, 0.004011475976710104, 0.004011037348895661, 0.004010689184691084, 0.004010254940311125, 0.0040101825488321795, 0.004008100414889232, 0.004008020902061433, 0.004007880489776064, 0.0040077353926274715, 0.0040075301738986165, 0.00400650814112294, 0.004006451784229393, 0.004006419901958483], "r2": [0.601272363248876, 0.7309807925860726, 0.7405683462162808, 0.746410697238503, 0.7510374700642913, 0.7549193007636626, 0.757665145237063, 0.7605723080238221, 0.7629276091603564, 0.7647669323888877, 0.7669088464218802, 0.7683061212516705, 0.7702281919200095, 0.7717859053030288, 0.7734796041172091, 0.774890776119915, 0.7763339279764331, 0.777704436643503, 0.7791842319223511, 0.7799693927380472, 0.7812761349122542, 0.7823343587724727, 0.7841299663977557, 0.7851384591298257, 0.7910383378317428, 0.7920879159508676, 0.793196353365729, 0.7942126956706442, 0.7950343959776404, 0.7958632822366677, 0.7991861810649702, 0.799759398275753, 0.8002461132361258, 0.8006856569270923, 0.8010097709972032, 0.8014394066979417, 0.8018356558156142, 0.8022527083976737, 0.8026797021439377, 0.8031059790301499, 0.8050765839395401, 0.8053909931255284, 0.8055652055328943, 0.8058431624753424, 0.8060773867755717, 0.8071623075419181, 0.8073852547454755, 0.807432467370877, 0.8075443534062474, 0.8077146585735516, 0.8082828809888757, 0.8083633515695987, 0.8084215495435343, 0.8084985765550409, 0.8085695249221794, 0.8088406752255494, 0.8088928447456981, 0.808912883313015, 0.8089657202463281, 0.8089683672896549, 0.8091424027785442, 0.8091611462897376, 0.8091818409235593, 0.8092078255451055, 0.8092080989945284, 0.8092982897188475, 0.8093029215408509, 0.8093098613909433, 0.8093150685372398, 0.8093261682082197, 0.8093665696935256, 0.8093714431384722, 0.8093776855527963], "rmse": [0.106111697356983, 0.07732885292194513, 0.0754322546314371, 0.07427579806506296, 0.0733588345163826, 0.07262021393485954, 0.07204866398992762, 0.07152785835909826, 0.071020941220801, 0.07069740933377272, 0.07036515382824082, 0.07008587711014412, 0.06976983411057282, 0.06953118180741212, 0.06927978566899572, 0.06900236407952254, 0.068808730242851, 0.06860222076044174, 0.0683392421046437, 0.06823067676496852, 0.0680421935700949, 0.06785075685986618, 0.06759480960503716, 0.0674306905971614, 0.066348979620364, 0.06618363997257869, 0.0660083495849085, 0.06586739076231204, 0.06575879000259517, 0.06562390133613438, 0.0650116849243073, 0.06491371608667088, 0.06483894124945576, 0.06477273817087427, 0.06472986146533953, 0.06465534829935796, 0.06459017096756564, 0.06453201694404291, 0.06446859091010557, 0.06440754500257702, 0.06404366208943524, 0.06398444357856563, 0.06396145602893763, 0.06391432938709264, 0.06387414448368288, 0.06368352416561354, 0.0636430671464261, 0.06363591455482333, 0.0636179183706144, 0.06359200915524248, 0.06348512485684928, 0.06347302834560316, 0.06346460445258219, 0.06344899485426031, 0.06344081301104579, 0.06338723383782081, 0.06338061232289871, 0.06337665493863373, 0.06336851019621755, 0.06336744522905177, 0.06333621378571744, 0.06333275099737624, 0.06333000224767944, 0.0633265737294473, 0.06332600215418765, 0.0633095602171523, 0.06330893224546938, 0.06330782329045964, 0.06330667731469937, 0.06330505646390829, 0.06329698366528172, 0.06329653848536579, 0.06329628663640928], "loss": [0.36132645790845963, 0.36217983382898067, 0.3621842140533174, 0.36217947961678587, 0.3621860892911553, 0.3621823017117613, 0.36218896856840566, 0.3621903333607581, 0.36218533292078053, 0.3621836776031395, 0.36218222493033786, 0.3621817857147025, 0.36218182554684986, 0.36217373326505087, 0.3621728250958353, 0.36217644486113204, 0.3621709221435251, 0.36217065904175105, 0.36217330322352953, 0.3621828020605993, 0.3621717965337915, 0.36218344910805333, 0.3621809677193789, 0.3621900239546552, 0.3621884889667012, 0.36219251161192206, 0.3621973724686791, 0.3621868193383388, 0.36218969736099776, 0.36219272991564816, 0.3621925927678047, 0.3621987401076055, 0.36219067341439987, 0.36218947933711837, 0.3621970466362062, 0.36219524603904074, 0.3621873232100264, 0.36220681001346866, 0.3621862106804144, 0.3621869378707037, 0.3621989962019882, 0.3621921327538765, 0.3621900362903499, 0.36219597981135027, 0.3621955403606432, 0.36219353542975724, 0.3621901076291691, 0.3621996039196229, 0.36219665217384306, 0.3621958596782568, 0.36219638328481474, 0.3621925692493895, 0.3621995078422521, 0.3621854601620111, 0.36219548139110014, 0.3621905872772231, 0.362203477652195, 0.3621999709121192, 0.36219482223742683, 0.3621896656486368, 0.36219663686056836, 0.36220283502074113, 0.3621939497389315, 0.3622010442518333, 0.3621978145947307, 0.36217726375371734, 0.362203169640436, 0.36218900655093333, 0.3622016743013301, 0.36219861001192843, 0.3622042633418819, 0.3621853318909402, 0.36221687610776726],