{"mae": [0.0808168351650238, 0.03868412226438522, 0.03311460092663765, 0.031138671562075615, 0.029873723164200783, 0.02893098257482052, 0.028230417519807816, 0.02745642699301243, 0.02711041085422039, 0.0266374833881855, 0.026186896488070488, 0.02597096376121044, 0.025741461664438248, 0.025550438091158867, 0.02521623857319355, 0.025026706978678703, 0.023719055578112602, 0.02379871904850006, 0.02387060411274433, 0.023772647604346275, 0.02373855747282505, 0.023968372493982315, 0.02300034649670124, 0.02293514274060726, 0.022921256721019745, 0.022884773090481758, 0.02283695712685585, 0.02246115915477276, 0.02245401404798031, 0.022441165521740913, 0.022439317777752876, 0.022380713373422623, 0.02236749231815338, 0.02232707291841507, 0.02213502861559391, 0.022127151489257812, 0.022093895822763443, 0.022080078721046448, 0.022077452391386032, 0.0219569094479084, 0.02195863611996174, 0.02194378711283207, 0.02194228395819664, 0.021928396075963974, 0.021863147616386414, 0.02185845375061035, 0.021859673783183098, 0.021844007074832916, 0.021854273974895477, 0.02181324176490307, 0.021814445033669472, 0.021812427788972855, 0.021808529272675514, 0.02180328778922558, 0.02179035171866417, 0.021784072741866112, 0.02178531512618065, 0.021781226620078087, 0.021781500428915024, 0.02176879346370697, 0.02177320420742035, 0.02177133783698082, 0.02176307514309883, 0.021772772073745728, 0.021758779883384705, 0.021767310798168182, 0.021775733679533005, 0.021766899153590202], "mse": [0.09321915358304977, 0.003316233167424798, 0.0026129018515348434, 0.0023962894920259714, 0.0022643732372671366, 0.002173216547816992, 0.002101666759699583, 0.0020301700569689274, 0.0019901813939213753, 0.001951139303855598, 0.0019101423677057028, 0.001892188098281622, 0.001870190491899848, 0.0018560346215963364, 0.0018303700489923358, 0.0018149672541767359, 0.0017373297596350312, 0.0017377753974869847, 0.0017366152023896575, 0.0017293037381023169, 0.001723341178148985, 0.0017396769253537059, 0.001679329783655703, 0.0016720774583518505, 0.0016679386608302593, 0.0016615786589682102, 0.0016557603375986218, 0.001634144107811153, 0.0016316561959683895, 0.0016286211321130395, 0.0016270228661596775, 0.0016221088590100408, 0.0016202186234295368, 0.001615625456906855, 0.0016036077868193388, 0.0016024068463593721, 0.0015991466352716088, 0.001597236143425107, 0.0015958998119458556, 0.0015885166358202696, 0.0015880297869443893, 0.0015869938069954515, 0.0015864984598010778, 0.00158462836407125, 0.0015802899142727256, 0.0015796343795955181, 0.0015797846717759967, 0.001578143797814846, 0.0015784241259098053, 0.0015760516980662942, 0.001576387439854443, 0.0015762674156576395, 0.0015752685721963644, 0.001575121539644897, 0.0015743764815852046, 0.0015737556386739016, 0.001573298592120409, 0.0015730952145531774, 0.0015728780999779701, 0.0015719089424237609, 0.001572494045831263, 0.001572511624544859, 0.0015716910129413009, 0.0015720241935923696, 0.001571329077705741, 0.0015722370008006692, 0.0015725420089438558, 0.0015721372328698635], "r2": [-3.812455177307129, 0.7342315316200256, 0.7866511940956116, 0.7970350384712219, 0.803443431854248, 0.8067138195037842, 0.8112122416496277, 0.8151522278785706, 0.8184239864349365, 0.820380449295044, 0.8229872584342957, 0.8242575526237488, 0.8257561326026917, 0.8264954090118408, 0.8281164169311523, 0.8287617564201355, 0.8325347304344177, 0.8324365615844727, 0.83277827501297, 0.8329370617866516, 0.8332998156547546, 0.8322677612304688, 0.8354819416999817, 0.835870087146759, 0.8361846804618835, 0.8366501927375793, 0.8370450139045715, 0.8381533622741699, 0.8383920192718506, 0.8386219143867493, 0.8387665748596191, 0.8390929102897644, 0.8391798138618469, 0.839540421962738, 0.8402397632598877, 0.8403666019439697, 0.8405919075012207, 0.8407287001609802, 0.8408179879188538, 0.8413360118865967, 0.8413777351379395, 0.8414246439933777, 0.841492235660553, 0.8416104316711426, 0.8418972492218018, 0.8419601321220398, 0.8419833183288574, 0.8420581817626953, 0.8420708179473877, 0.8422247767448425, 0.8422359824180603, 0.8421767354011536, 0.8423065543174744, 0.8422973155975342, 0.842348039150238, 0.842378556728363, 0.8424329161643982, 0.8424496650695801, 0.8424748778343201, 0.8425528407096863, 0.8424846529960632, 0.8424678444862366, 0.842503011226654, 0.8425425887107849, 0.8426027297973633, 0.8425094485282898, 0.8425472378730774, 0.8425189852714539], "rmse": [0.30531811714172363, 0.05758674442768097, 0.05111655220389366, 0.04895190894603729, 0.04758543148636818, 0.0466177724301815, 0.0458439402282238, 0.04505740851163864, 0.04461145028471947, 0.04417170211672783, 0.04370517656207085, 0.043499287217855453, 0.043245699256658554, 0.04308171942830086, 0.042782824486494064, 0.042602431029081345, 0.04168128967285156, 0.04168663173913956, 0.0416727140545845, 0.04158489778637886, 0.041513144969940186, 0.04170943796634674, 0.04097962751984596, 0.04089104384183884, 0.040840405970811844, 0.040762465447187424, 0.040691036731004715, 0.04042454808950424, 0.04039376601576805, 0.04035617783665657, 0.04033637046813965, 0.040275413542985916, 0.04025194048881531, 0.04019484296441078, 0.04004507139325142, 0.04003007337450981, 0.03998932987451553, 0.0399654358625412, 0.0399487130343914, 0.0398561991751194, 0.03985008969902992, 0.03983708843588829, 0.039830874651670456, 0.03980739042162895, 0.039752863347530365, 0.03974461555480957, 0.03974650800228119, 0.039725858718156815, 0.03972938656806946, 0.03969951719045639, 0.039703745394945145, 0.03970223292708397, 0.03968965262174606, 0.03968780115246773, 0.039678413420915604, 0.039670586585998535, 0.03966482728719711, 0.03966226428747177, 0.0396595261991024, 0.03964730724692345, 0.0396546833217144, 0.03965490683913231, 0.03964455798268318, 0.03964876011013985, 0.039639994502067566, 0.03965144231915474, 0.03965529054403305, 0.03965018689632416], "loss": [0.3170502483844757, 0.32365989685058594, 0.3236788809299469, 0.3236624598503113, 0.323650062084198, 0.323668897151947, 0.323665052652359, 0.32365840673446655, 0.32365983724594116, 0.3236705958843231, 0.32366421818733215, 0.3236657977104187, 0.32366248965263367, 0.32365384697914124, 0.3236626088619232, 0.3236715793609619, 0.3236728608608246, 0.32366615533828735, 0.3236709535121918, 0.3236662447452545, 0.3236706852912903, 0.32367050647735596, 0.32366225123405457, 0.3236701190471649, 0.32366496324539185, 0.3236735165119171, 0.3236691355705261, 0.3236689567565918, 0.3236686587333679, 0.3236691951751709, 0.32367101311683655, 0.32366880774497986, 0.32366904616355896, 0.323670357465744, 0.32366982102394104, 0.32367539405822754, 0.3236670196056366, 0.3236698806285858, 0.32366639375686646, 0.3236716687679291, 0.3236687481403351, 0.3236689567565918, 0.3236656188964844, 0.32367226481437683, 0.32366710901260376, 0.3236730694770813, 0.32366943359375, 0.3236706256866455, 0.3236667811870575, 0.3236686885356903, 0.32366660237312317, 0.3236743211746216, 0.3236708343029022, 0.3236708641052246, 0.3236720860004425, 0.32366812229156494, 0.32366862893104553, 0.3236706852912903, 0.32367077469825745, 0.3236686587333679, 0.32367217540740967, 0.32366836071014404, 0.3236747980117798, 0.3236679434776306, 0.3236726224422455, 0.32366734743118286, 0.32366785407066345, 0.3236691653728485],