{"mae": [0.03810251131653786, 0.028551504015922546, 0.02681775949895382, 0.02581055276095867, 0.02525222674012184, 0.02485371008515358, 0.024425800889730453, 0.02419840358197689, 0.023752721026539803, 0.02346295490860939, 0.0232480987906456, 0.023005599156022072, 0.022840576246380806, 0.02270396798849106, 0.021839594468474388, 0.02180512621998787, 0.021776823326945305, 0.02169009856879711, 0.02163093350827694, 0.021609501913189888, 0.02153032459318638, 0.021092653274536133, 0.02106698788702488, 0.021038314327597618, 0.021014848724007607, 0.020984286442399025, 0.02073812112212181, 0.020738255232572556, 0.020704293623566628, 0.020705703645944595, 0.020692115649580956, 0.020553307607769966, 0.020544033497571945, 0.02053605392575264, 0.02054266445338726, 0.02051430754363537, 0.02045224793255329, 0.02044837921857834, 0.02043893188238144, 0.020438453182578087, 0.020424602553248405, 0.020396726205945015, 0.02039676532149315, 0.020389465615153313, 0.02038666233420372, 0.020389406010508537, 0.020370764657855034, 0.020361168310046196, 0.020367734134197235, 0.020366467535495758, 0.0203708503395319, 0.020345857366919518, 0.020348606631159782, 0.020352670922875404, 0.020342417061328888, 0.020350603386759758, 0.02035311609506607, 0.02034243941307068, 0.02035185694694519, 0.020341789349913597, 0.02034272626042366, 0.020336676388978958, 0.020344480872154236, 0.02035057172179222, 0.020337143912911415, 0.020346354693174362, 0.0203313697129488, 0.02033834718167782, 0.02034061774611473, 0.02034260891377926, 0.020337969064712524, 0.020342258736491203, 0.020332764834165573, 0.020347362384200096, 0.02033354341983795, 0.02033463679254055, 0.02034504897892475, 0.020337501540780067, 0.020331591367721558, 0.02033366449177265], "mse": [0.004118289332836866, 0.0021513993851840496, 0.00198030355386436, 0.0018874878296628594, 0.0018366897711530328, 0.001798836630769074, 0.001762801082804799, 0.0017369698034599423, 0.0016997079364955425, 0.0016704117879271507, 0.0016479400219395757, 0.0016232281923294067, 0.0016061896458268166, 0.0015909852227196097, 0.001526987529359758, 0.001519064069725573, 0.001512534567154944, 0.0015032103983685374, 0.0014956430532038212, 0.0014893575571477413, 0.0014826817205175757, 0.0014489843742921948, 0.0014449015725404024, 0.0014404112007468939, 0.0014358324697241187, 0.0014325232477858663, 0.001412379671819508, 0.0014117066748440266, 0.0014078648528084159, 0.0014074950013309717, 0.0014049604069441557, 0.0013939772034063935, 0.0013932845322415233, 0.001391275436617434, 0.0013910818379372358, 0.0013885630760341883, 0.0013834120472893119, 0.001382511924020946, 0.0013815549900755286, 0.0013816020218655467, 0.0013803552137687802, 0.0013778622960671782, 0.0013775088591501117, 0.001376719563268125, 0.0013764831237494946, 0.0013762551825493574, 0.0013742316514253616, 0.001374478917568922, 0.001373862149193883, 0.001374326180666685, 0.0013745762407779694, 0.001372337224893272, 0.0013725780881941319, 0.001373145030811429, 0.0013721846044063568, 0.0013728411868214607, 0.0013733498053625226, 0.0013717920519411564, 0.0013727727346122265, 0.0013717119581997395, 0.0013723756419494748, 0.0013715854147449136, 0.001371758058667183, 0.0013717914698645473, 0.0013715000823140144, 0.0013715311652049422, 0.0013707540929317474, 0.0013718197587877512, 0.0013715012464672327, 0.0013722891453653574, 0.0013717905385419726, 0.0013719535199925303, 0.001370803453028202, 0.0013721634168177843, 0.0013719236012548208, 0.0013716573594138026, 0.001372329774312675, 0.0013717195251956582, 0.0013706900645047426, 0.001371473539620638], "r2": [0.7173671722412109, 0.8123357892036438, 0.8209478855133057, 0.8257724642753601, 0.8283764719963074, 0.8303980827331543, 0.8324247002601624, 0.8339574933052063, 0.8360695838928223, 0.8381674885749817, 0.8398420214653015, 0.8416423201560974, 0.843023955821991, 0.8442492485046387, 0.8483594059944153, 0.8492085337638855, 0.8499221205711365, 0.8506588935852051, 0.8514528274536133, 0.8521365523338318, 0.852612316608429, 0.8551213145256042, 0.8555405139923096, 0.8559889793395996, 0.8564372062683105, 0.8566681742668152, 0.8583090305328369, 0.8583502769470215, 0.8587245941162109, 0.8587484359741211, 0.8590331077575684, 0.8598681092262268, 0.8599231839179993, 0.8601554036140442, 0.8602263331413269, 0.8604187965393066, 0.8608185648918152, 0.8609058856964111, 0.8609840273857117, 0.8609692454338074, 0.861093282699585, 0.8613339066505432, 0.8613669276237488, 0.861365020275116, 0.8614062666893005, 0.8614852428436279, 0.861630916595459, 0.8616049289703369, 0.861644446849823, 0.8616401553153992, 0.8615867495536804, 0.8617925643920898, 0.8617634177207947, 0.8617227673530579, 0.8618268370628357, 0.8617126941680908, 0.8616804480552673, 0.8618376851081848, 0.861765444278717, 0.861829936504364, 0.8617751002311707, 0.8618496060371399, 0.8618566393852234, 0.861865222454071, 0.8618621826171875, 0.8619014620780945, 0.8618924021720886, 0.8618476390838623, 0.8618497848510742, 0.8618054389953613, 0.8618122935295105, 0.8617979884147644, 0.8619732856750488, 0.8618385195732117, 0.8617652058601379, 0.8618276715278625, 0.8618442416191101, 0.8618736267089844, 0.8618729710578918, 0.8618534207344055], "rmse": [0.06417389959096909, 0.04638317972421646, 0.044500600546598434, 0.04344522953033447, 0.042856618762016296, 0.04241269454360008, 0.04198572412133217, 0.04167696833610535, 0.041227515786886215, 0.04087067022919655, 0.04059482738375664, 0.04028930515050888, 0.04007729887962341, 0.03988715633749962, 0.03907668963074684, 0.038975171744823456, 0.03889131918549538, 0.03877125680446625, 0.03867354616522789, 0.03859219700098038, 0.03850560635328293, 0.03806552663445473, 0.038011860102415085, 0.03795275092124939, 0.037892378866672516, 0.037848688662052155, 0.03758164122700691, 0.03757268562912941, 0.037521522492170334, 0.03751659765839577, 0.03748280182480812, 0.03733600303530693, 0.03732672706246376, 0.037299804389476776, 0.03729720786213875, 0.037263426929712296, 0.03719424828886986, 0.037182144820690155, 0.03716927394270897, 0.03716990724205971, 0.037153132259845734, 0.03711956739425659, 0.03711480647325516, 0.03710417449474335, 0.037100985646247864, 0.03709791228175163, 0.037070631980895996, 0.03707396611571312, 0.037065647542476654, 0.03707190603017807, 0.03707527741789818, 0.03704506903886795, 0.03704832121729851, 0.03705597296357155, 0.0370430089533329, 0.03705187141895294, 0.03705873340368271, 0.03703771159052849, 0.03705094754695892, 0.037036631256341934, 0.03704558685421944, 0.03703492134809494, 0.03703725337982178, 0.03703770413994789, 0.037033770233392715, 0.03703418746590614, 0.037023697048425674, 0.037038084119558334, 0.03703378513455391, 0.03704442083835602, 0.0370376892387867, 0.03703989088535309, 0.0370243638753891, 0.03704272583127022, 0.037039484828710556, 0.03703589364886284, 0.03704496845602989, 0.03703673183917999, 0.03702283278107643, 0.03703341260552406],