{"mae": [0.038434743881225586, 0.029222575947642326, 0.02724316157400608, 0.026296677067875862, 0.025671977549791336, 0.02526940032839775, 0.024855783209204674, 0.02462879754602909, 0.02430056780576706, 0.024171486496925354, 0.02396664023399353, 0.02376025728881359, 0.023602405562996864, 0.02343728579580784, 0.023281292989850044, 0.022564057260751724, 0.022550910711288452, 0.022483568638563156, 0.022406624630093575, 0.02233499474823475, 0.021950138732790947, 0.021893301978707314, 0.021867787465453148, 0.021831374615430832, 0.021807434037327766, 0.021757928654551506, 0.021521907299757004, 0.0215161070227623, 0.021483177319169044, 0.021476898342370987, 0.021450046449899673, 0.021340209990739822, 0.021318485960364342, 0.021319786086678505, 0.021298779174685478, 0.021298730745911598, 0.02121216058731079, 0.021213926374912262, 0.02121342532336712, 0.02121019922196865, 0.021202335134148598, 0.021162474527955055, 0.02116530016064644, 0.021152466535568237, 0.021151596680283546, 0.02114892192184925, 0.02113015204668045, 0.021134618669748306, 0.021130407229065895, 0.021134305745363235, 0.021127454936504364, 0.02111779898405075, 0.021115975454449654, 0.021117646247148514, 0.0211130790412426, 0.021113742142915726, 0.021113349124789238, 0.021110758185386658, 0.021109366789460182, 0.021112218499183655, 0.02110547572374344, 0.021108167245984077, 0.021101661026477814, 0.021105950698256493, 0.02111033909022808, 0.021104125306010246, 0.02110437862575054], "mse": [0.004332227632403374, 0.0022195670753717422, 0.0020257935393601656, 0.0019395154668018222, 0.0018837222596630454, 0.0018499904545024037, 0.0018167024245485663, 0.0017987159080803394, 0.001773020369000733, 0.0017614075914025307, 0.0017435367917641997, 0.0017252920661121607, 0.0017103831050917506, 0.0016953679732978344, 0.0016799736768007278, 0.0016316113760694861, 0.0016258334508165717, 0.001617500907741487, 0.0016102849040180445, 0.0016030456172302365, 0.0015743349213153124, 0.0015684821410104632, 0.001564343343488872, 0.001559977768920362, 0.0015565681969746947, 0.0015517610590904951, 0.0015349100576713681, 0.0015329602174460888, 0.0015301019884645939, 0.0015282212989404798, 0.001525592990219593, 0.0015173300635069609, 0.0015149913961067796, 0.0015153418062254786, 0.001512983231805265, 0.0015121703036129475, 0.001505793770775199, 0.0015052700182422996, 0.0015048583736643195, 0.0015042328741401434, 0.0015036911936476827, 0.0015004092128947377, 0.0014996338868513703, 0.0014994365628808737, 0.0014999019913375378, 0.0014983199071139097, 0.0014970038319006562, 0.0014976877719163895, 0.001496333396062255, 0.0014970559859648347, 0.0014967072056606412, 0.0014961843844503164, 0.0014955197693780065, 0.0014950783224776387, 0.0014953328063711524, 0.0014953591162338853, 0.0014952401397749782, 0.0014949995093047619, 0.0014946459559723735, 0.0014948075404390693, 0.001494580996222794, 0.0014948002062737942, 0.0014949553878977895, 0.0014945789007470012, 0.0014949907781556249, 0.0014938469976186752, 0.0014939807588234544], "r2": [0.72979736328125, 0.8092502951622009, 0.8176178932189941, 0.822563648223877, 0.8255552649497986, 0.8271796107292175, 0.8288068771362305, 0.8294212818145752, 0.8305595517158508, 0.8312686085700989, 0.83213871717453, 0.8329658508300781, 0.8338468074798584, 0.8346956372261047, 0.8357750773429871, 0.8384368419647217, 0.8389968276023865, 0.8397437930107117, 0.8402870297431946, 0.8408327102661133, 0.8428211808204651, 0.8433138728141785, 0.8437235355377197, 0.8441291451454163, 0.8444027900695801, 0.844792366027832, 0.8460121154785156, 0.846228301525116, 0.8464705348014832, 0.8466373085975647, 0.846865713596344, 0.8475155234336853, 0.8477699756622314, 0.8477265238761902, 0.8478901982307434, 0.8479966521263123, 0.8484542965888977, 0.8485501408576965, 0.8486215472221375, 0.8486679196357727, 0.8487288355827332, 0.8490005135536194, 0.8490799069404602, 0.8490895628929138, 0.8490123748779297, 0.8491835594177246, 0.8493049740791321, 0.8492350578308105, 0.8493690490722656, 0.8493318557739258, 0.8493487238883972, 0.849354088306427, 0.8494494557380676, 0.8494682312011719, 0.8494331240653992, 0.8494407534599304, 0.8494598865509033, 0.8494887351989746, 0.8495139479637146, 0.8495028018951416, 0.8495072722434998, 0.8495010733604431, 0.8494653701782227, 0.8495147228240967, 0.8495020866394043, 0.8495850563049316, 0.8495385050773621], "rmse": [0.06581965833902359, 0.04711228236556053, 0.0450088195502758, 0.044039927423000336, 0.043401870876550674, 0.04301151633262634, 0.04262279346585274, 0.04241127148270607, 0.042107246816158295, 0.04196912795305252, 0.04175567999482155, 0.04153663292527199, 0.041356779634952545, 0.04117484763264656, 0.04098748043179512, 0.04039321094751358, 0.040321625769138336, 0.04021816700696945, 0.040128353983163834, 0.04003805294632912, 0.03967789188027382, 0.0396040678024292, 0.03955177962779999, 0.03949655219912529, 0.03945336863398552, 0.03939239680767059, 0.03917792811989784, 0.03915303573012352, 0.0391165167093277, 0.039092469960451126, 0.03905883803963661, 0.03895292058587074, 0.03892289102077484, 0.03892739117145538, 0.038897085934877396, 0.03888663277029991, 0.0388045571744442, 0.038797810673713684, 0.038792505860328674, 0.038784440606832504, 0.03877745941281319, 0.03873511776328087, 0.0387251079082489, 0.03872255980968475, 0.038728564977645874, 0.03870813921093941, 0.03869113326072693, 0.03869996964931488, 0.038682468235492706, 0.03869180753827095, 0.03868729993700981, 0.0386805422604084, 0.03867195174098015, 0.038666240870952606, 0.03866953402757645, 0.03866987302899361, 0.03866833820939064, 0.038665223866701126, 0.03866065293550491, 0.03866274282336235, 0.03865981101989746, 0.03866264596581459, 0.03866465389728546, 0.03865978494286537, 0.03866511210799217, 0.03865031525492668, 0.038652047514915466], "loss": [0.32107678055763245, 0.32346946001052856, 0.32352980971336365, 0.32353273034095764, 0.32354608178138733, 0.3235659599304199, 0.3235907554626465, 0.32359611988067627, 0.3236069679260254, 0.3236188590526581, 0.32362067699432373, 0.3236270546913147, 0.32362473011016846, 0.32363709807395935, 0.32364383339881897, 0.3236502408981323, 0.32365503907203674, 0.32365289330482483, 0.32364797592163086, 0.32365790009498596, 0.32365667819976807, 0.32366183400154114, 0.3236624300479889, 0.323661744594574, 0.3236631155014038, 0.32366225123405457, 0.32366135716438293, 0.32366734743118286, 0.32366305589675903, 0.32366621494293213, 0.3236624598503113, 0.32366621494293213, 0.32366934418678284, 0.32367202639579773, 0.32366302609443665, 0.32366693019866943, 0.3236635625362396, 0.32366713881492615, 0.3236648142337799, 0.3236663043498993, 0.3236682116985321, 0.3236655592918396, 0.32366815209388733, 0.32366466522216797, 0.32366943359375, 0.32366523146629333, 0.323668509721756, 0.32366669178009033, 0.32366591691970825, 0.323666512966156, 0.3236705958843231, 0.323660671710968, 0.3236657381057739, 0.32367607951164246, 0.3236684501171112, 0.3236655592918396, 0.32366734743118286, 0.3236739933490753, 0.32366064190864563, 0.32366952300071716, 0.3236730992794037, 0.32365381717681885, 0.32366904616355896, 0.32366931438446045, 0.323672890663147, 0.3236680030822754, 0.3236651122570038],