{"mae": [0.04304739460349083, 0.029887540265917778, 0.027086786925792694, 0.02766769379377365, 0.025362757965922356, 0.02490375004708767, 0.0245854239910841, 0.024328621104359627, 0.024101074784994125, 0.023336809128522873, 0.023192688822746277, 0.023094356060028076, 0.02296370640397072, 0.022846220061182976, 0.022737378254532814, 0.0225826483219862, 0.022128507494926453, 0.02207283116877079, 0.022004244849085808, 0.02192067913711071, 0.021907223388552666, 0.02162492275238037, 0.021607397124171257, 0.021578673273324966, 0.021550506353378296, 0.021535705775022507, 0.021508214995265007, 0.021356433629989624, 0.02134299837052822, 0.021331852301955223, 0.021327879279851913, 0.021300029009580612, 0.021232638508081436, 0.021222935989499092, 0.021220047026872635, 0.021206052973866463, 0.021209659054875374, 0.021166609600186348, 0.02116001583635807, 0.021159527823328972, 0.021155070513486862, 0.021154062822461128, 0.02112576737999916, 0.021133704110980034, 0.021127954125404358, 0.02111757919192314, 0.02112388052046299, 0.021111100912094116, 0.02111312560737133, 0.02111992798745632, 0.021104440093040466, 0.02110964246094227, 0.02110222354531288, 0.021096952259540558, 0.021099114790558815, 0.021104201674461365, 0.02110431157052517, 0.021099047735333443, 0.021099837496876717, 0.021106507629156113, 0.02109955996274948, 0.021098317578434944, 0.021092228591442108, 0.021096209064126015, 0.021099906414747238, 0.021100884303450584, 0.02109849825501442, 0.02109476923942566, 0.02109410986304283, 0.021094176918268204, 0.021097881719470024, 0.02109922468662262], "mse": [0.005267416127026081, 0.002255895873531699, 0.001995583763346076, 0.0023529527243226767, 0.00186799350194633, 0.0018318009097129107, 0.0018068113131448627, 0.0017820873763412237, 0.001759598613716662, 0.001702725188806653, 0.0016875398578122258, 0.001675665145739913, 0.0016630018362775445, 0.0016490390989929438, 0.0016361161833629012, 0.0016215502982959151, 0.0015859468840062618, 0.0015793872298672795, 0.0015725521370768547, 0.0015645995736122131, 0.0015616252785548568, 0.0015408758772537112, 0.0015373451169580221, 0.0015338556841015816, 0.0015311456518247724, 0.0015285317786037922, 0.0015257792547345161, 0.001513608149252832, 0.0015114479465410113, 0.001510235364548862, 0.0015081566525623202, 0.0015056702541187406, 0.001500678132288158, 0.0014993143267929554, 0.0014984585577622056, 0.0014970770571380854, 0.001497084042057395, 0.0014930664328858256, 0.0014923167182132602, 0.0014917486114427447, 0.0014913211343809962, 0.001490474445745349, 0.0014886040007695556, 0.0014888104051351547, 0.0014888114528730512, 0.001487810630351305, 0.0014882026007398963, 0.0014867529971525073, 0.0014863320393487811, 0.001487288624048233, 0.0014859701041132212, 0.0014861652161926031, 0.001486396649852395, 0.0014855345943942666, 0.0014852300519123673, 0.0014860075898468494, 0.0014857298228889704, 0.001485596876591444, 0.0014855656772851944, 0.0014860661467537284, 0.0014858153881505132, 0.0014852900058031082, 0.001484421081840992, 0.0014849629951640964, 0.0014849082799628377, 0.0014854781329631805, 0.0014852422755211592, 0.0014847826678305864, 0.0014845436671748757, 0.001484679989516735, 0.001485118642449379, 0.0014850965235382318], "r2": [0.6680750846862793, 0.8042700886726379, 0.817711591720581, 0.8032873272895813, 0.8246088624000549, 0.8264290690422058, 0.8279333114624023, 0.82944256067276, 0.8311352133750916, 0.8345189690589905, 0.8354706764221191, 0.8363275527954102, 0.837114155292511, 0.8382303714752197, 0.8392494320869446, 0.8402290344238281, 0.8426423668861389, 0.8431718349456787, 0.8436601758003235, 0.8442838191986084, 0.8445197939872742, 0.8459963798522949, 0.8463645577430725, 0.8466391563415527, 0.846918523311615, 0.8471891283988953, 0.8473773002624512, 0.8483321070671082, 0.8485383987426758, 0.8486431241035461, 0.8488933444023132, 0.8490844368934631, 0.8494661450386047, 0.8495931625366211, 0.8496532440185547, 0.8498045802116394, 0.8498294949531555, 0.8501662611961365, 0.8502348065376282, 0.8503230214118958, 0.8503797650337219, 0.8504515290260315, 0.8505612015724182, 0.8505933880805969, 0.8505809903144836, 0.8506538271903992, 0.8506259322166443, 0.8507454991340637, 0.8507893681526184, 0.8507536053657532, 0.8508496880531311, 0.8508081436157227, 0.8507460951805115, 0.8508523106575012, 0.8509204983711243, 0.8508195877075195, 0.8508467674255371, 0.8508432507514954, 0.8508613705635071, 0.8508445620536804, 0.8508569598197937, 0.8508689403533936, 0.8509674072265625, 0.8509118556976318, 0.8509464263916016, 0.8508866429328918, 0.8509266376495361, 0.850936233997345, 0.8509882092475891, 0.850944995880127, 0.8509032130241394, 0.8509206175804138], "rmse": [0.07257696986198425, 0.04749627038836479, 0.044671956449747086, 0.048507243394851685, 0.043220289051532745, 0.04279954358935356, 0.04250660166144371, 0.0422147735953331, 0.04194757342338562, 0.041264090687036514, 0.041079677641391754, 0.04093489050865173, 0.04077991843223572, 0.04060836136341095, 0.040448933839797974, 0.04026847705245018, 0.039823949337005615, 0.039741504937410355, 0.0396554134786129, 0.03955502063035965, 0.03951740637421608, 0.03925399109721184, 0.039208993315696716, 0.0391644686460495, 0.03912985697388649, 0.039096441119909286, 0.039061225950717926, 0.03890511766076088, 0.038877345621585846, 0.038861747831106186, 0.03883499279618263, 0.038802966475486755, 0.03873858600854874, 0.038720980286598206, 0.03870992735028267, 0.03869207948446274, 0.0386921688914299, 0.03864021599292755, 0.038630515336990356, 0.03862316161394119, 0.03861762583255768, 0.038606662303209305, 0.03858243301510811, 0.038585107773542404, 0.0385851226747036, 0.038572147488594055, 0.03857722878456116, 0.03855843469500542, 0.03855297714471817, 0.03856538236141205, 0.03854828327894211, 0.038550812751054764, 0.038553815335035324, 0.03854263201355934, 0.03853868320584297, 0.03854876756668091, 0.038545165210962296, 0.03854344040155411, 0.038543038070201874, 0.038549527525901794, 0.03854627534747124, 0.03853946179151535, 0.038528185337781906, 0.0385352186858654, 0.0385345034301281, 0.03854190185666084, 0.03853883966803551, 0.03853287920355797, 0.03852977603673935, 0.03853154554963112, 0.03853723779320717, 0.03853695094585419], "loss": [0.323072612285614, 0.3236362636089325, 0.3236430287361145, 0.3234372138977051, 0.32361796498298645, 0.3236539959907532, 0.32366734743118286, 0.3236680030822754, 0.3236619234085083, 0.3236711621284485, 0.3236711323261261, 0.3236660659313202, 0.323670357465744, 0.3236658573150635, 0.3236720860004425, 0.32366877794265747, 0.32368022203445435, 0.3236679136753082, 0.323668509721756, 0.32367247343063354, 0.3236694931983948, 0.3236733675003052, 0.3236730694770813, 0.32366836071014404, 0.3236706852912903, 0.32367101311683655, 0.3236686587333679, 0.32367387413978577, 0.3236748278141022, 0.32367250323295593, 0.32367143034935, 0.32367244362831116, 0.32367467880249023, 0.3236675560474396, 0.32367390394210815, 0.3236749470233917, 0.3236720860004425, 0.3236723244190216, 0.3236711025238037, 0.32367387413978577, 0.3236751854419708, 0.3236718773841858, 0.3236725330352783, 0.3236742317676544, 0.32367438077926636, 0.32367175817489624, 0.3236716687679291, 0.3236703872680664, 0.3236802816390991, 0.32367077469825745, 0.32367271184921265, 0.3236735761165619, 0.3236720561981201, 0.3236728012561798, 0.32367372512817383, 0.3236696720123291, 0.3236772418022156, 0.32366740703582764, 0.3236711621284485, 0.32367005944252014, 0.32367175817489624, 0.32367053627967834, 0.32368215918540955, 0.32366669178009033, 0.3236722946166992, 0.32367584109306335, 0.32367244362831116, 0.3236668109893799, 0.3236753046512604, 0.3236787021160126, 0.3236733078956604, 0.3236682116985321],