{"mae": [0.08318319171667099, 0.03643961250782013, 0.032055262476205826, 0.030434487387537956, 0.028781691566109657, 0.02877478115260601, 0.029348693788051605, 0.027929510921239853, 0.027554262429475784, 0.027235250920057297, 0.02822212129831314, 0.028021469712257385, 0.026789430528879166, 0.026369992643594742, 0.026314251124858856, 0.026058686897158623, 0.02600252442061901, 0.02529124729335308, 0.025200607255101204, 0.025150107219815254, 0.025040289387106895, 0.024884171783924103, 0.02484891377389431, 0.02483217604458332, 0.024398846551775932, 0.024321580305695534, 0.024357302114367485, 0.02434360608458519, 0.0242146123200655, 0.024047499522566795, 0.024028824642300606, 0.024090446531772614, 0.024050408974289894, 0.024100657552480698, 0.024021685123443604, 0.023989055305719376, 0.023730585351586342, 0.023798413574695587, 0.023790402337908745, 0.023753520101308823, 0.023749327287077904, 0.023656925186514854, 0.023656852543354034, 0.023538872599601746, 0.023615296930074692, 0.023656276986002922, 0.02356443740427494, 0.023579169064760208, 0.02371429279446602, 0.02356334961950779, 0.023560600355267525, 0.023496640846133232, 0.02364214137196541, 0.023627951741218567], "mse": [0.024640444666147232, 0.002989628119394183, 0.0024608150124549866, 0.002282339846715331, 0.002113505732268095, 0.0021079673897475004, 0.0021751245949417353, 0.002024240791797638, 0.0019895026925951242, 0.0019659411627799273, 0.002125054132193327, 0.002032538643106818, 0.0019258622778579593, 0.001893813954666257, 0.00188379583414644, 0.0018635273445397615, 0.0018528776708990335, 0.0017999428091570735, 0.0017911222530528903, 0.001782366307452321, 0.0017692024121060967, 0.0017566077876836061, 0.0017495801439508796, 0.0017423090757802129, 0.0017099188407883048, 0.0017004923429340124, 0.0016977890627458692, 0.001694871112704277, 0.0016840789467096329, 0.0016679201507940888, 0.0016649378230795264, 0.001666044583544135, 0.001661501475609839, 0.0016637534135952592, 0.0016568726859986782, 0.001651223748922348, 0.0016382058383896947, 0.0016371359815821052, 0.0016341464361175895, 0.0016311994986608624, 0.0016299989074468613, 0.0016235221410170197, 0.0016210007015615702, 0.00161462789401412, 0.0016175410710275173, 0.0016210685716941953, 0.0016145814443007112, 0.0016145098488777876, 0.0016199280507862568, 0.0016117907362058759, 0.0016112893354147673, 0.0016079050255939364, 0.001615198329091072, 0.0016132500022649765], "r2": [-0.015027959831058979, 0.7744572758674622, 0.7974751591682434, 0.8061391711235046, 0.8155993819236755, 0.8169169425964355, 0.8143098950386047, 0.8221365809440613, 0.8235600590705872, 0.8240861892700195, 0.8150046467781067, 0.8205315470695496, 0.8262367248535156, 0.8277300000190735, 0.8285527229309082, 0.8294152617454529, 0.8301255702972412, 0.8325817584991455, 0.8331063389778137, 0.8336379528045654, 0.8344096541404724, 0.8351295590400696, 0.8356876373291016, 0.8363068699836731, 0.8381245732307434, 0.8388050198554993, 0.8392220139503479, 0.8396599888801575, 0.8403223156929016, 0.8414831161499023, 0.8417150974273682, 0.8418712019920349, 0.8423383831977844, 0.8424191474914551, 0.8427400588989258, 0.8431620001792908, 0.8434612154960632, 0.8441135287284851, 0.8443148732185364, 0.84450763463974, 0.8446676135063171, 0.8449364304542542, 0.8453001976013184, 0.8454300761222839, 0.8454926013946533, 0.8455142974853516, 0.8456898331642151, 0.8458340167999268, 0.8458432555198669, 0.8459544777870178, 0.8460557460784912, 0.8461074829101562, 0.846021831035614, 0.8461955189704895], "rmse": [0.1569727510213852, 0.05467749014496803, 0.049606602638959885, 0.04777384176850319, 0.045972879976034164, 0.04591260477900505, 0.046638231724500656, 0.04499156400561333, 0.04460384324193001, 0.04433893412351608, 0.04609831050038338, 0.04508368670940399, 0.04388464614748955, 0.04351797327399254, 0.043402716517448425, 0.04316858947277069, 0.04304506629705429, 0.0424257330596447, 0.04232165217399597, 0.042218081653118134, 0.04206188768148422, 0.04191190376877785, 0.041827984154224396, 0.04174097627401352, 0.04135116562247276, 0.04123702645301819, 0.04120423644781113, 0.04116881266236305, 0.041037529706954956, 0.04084017872810364, 0.04080364853143692, 0.04081720858812332, 0.040761519223451614, 0.04078913480043411, 0.04070470109581947, 0.040635254234075546, 0.04047475382685661, 0.04046153649687767, 0.04042457789182663, 0.040388111025094986, 0.04037324711680412, 0.040292952209711075, 0.0402616523206234, 0.040182434022426605, 0.040218666195869446, 0.04026249423623085, 0.040181852877140045, 0.04018096253275871, 0.0402483306825161, 0.04014711454510689, 0.04014086723327637, 0.04009868949651718, 0.040189530700445175, 0.04016528278589249], "loss": [0.29153722524642944, 0.3237265348434448, 0.3237016499042511, 0.3237084150314331, 0.3236675560474396, 0.3236640989780426, 0.3236323595046997, 0.32366830110549927, 0.3236262798309326, 0.3237038552761078, 0.32361534237861633, 0.32367658615112305, 0.3236353397369385, 0.32368865609169006, 0.3236459791660309, 0.3236824870109558, 0.32364383339881897, 0.323711633682251, 0.32360363006591797, 0.32369670271873474, 0.32365190982818604, 0.32364800572395325, 0.32368022203445435, 0.3236680030822754, 0.32360538840293884, 0.32371774315834045, 0.32364436984062195, 0.32365503907203674, 0.32365742325782776, 0.3235986828804016, 0.3237345814704895, 0.32366326451301575, 0.32365334033966064, 0.3236500918865204, 0.3236761689186096, 0.32365211844444275, 0.3237113058567047, 0.32356807589530945, 0.32382723689079285, 0.3236147165298462, 0.323660284280777, 0.3236681818962097, 0.3237328827381134, 0.32363325357437134, 0.3236105442047119, 0.32373523712158203, 0.3236393630504608, 0.3236897587776184, 0.32374057173728943, 0.32360607385635376, 0.3236769437789917, 0.32363811135292053, 0.3237445652484894, 0.32347169518470764], "val_loss": [0.10591351240873337, 0.07534833252429962, 0.04646875709295273, 0.08759486675262451, 0.026815026998519897, 0.02153332158923149, 0.03655814006924629, 0.005278421100229025, 0.03962013125419617, 0.004880927037447691, 0.11673080176115036, 0.002026956295594573, 0.002116740681231022, 0.0027940005529671907, 0.0019596011843532324, 0.001960116671398282, 0.002547845244407654, 0.0018238514894619584, 0.0017163619631901383, 0.0019997148774564266, 0.001948248129338026, 0.0017405267572030425, 0.0018116245046257973, 0.0018086220370605588, 0.0016496186144649982, 0.0016336652915924788, 0.0016609726008027792, 0.0016736250836402178, 0.0018112456891685724, 0.0016880176262930036, 0.0016260293778032064, 0.0015780957182869315, 0.0016040847403928638, 0.0016217671800404787, 0.0015910526271909475, 0.0016147353453561664, 0.0016482595819979906, 0.0015682807425037026, 0.0015697445487603545, 0.0015831815544515848, 0.0015650519635528326, 0.001581653137691319, 0.0015952851390466094, 0.0015582569176331162, 0.0016150159062817693, 0.0015640313504263759, 0.0015815705992281437, 0.0015706979902461171, 0.001581293880008161, 0.001593995839357376, 0.0015677993651479483, 0.0015726053388789296, 0.0015783843118697405, 0.0015779250534251332],