{"loss": [0.0032150589395314455, 0.001838754746131599, 0.0017741215415298939, 0.001751031493768096, 0.0017306270310655236, 0.0017148001352325082, 0.0016984237590804696, 0.0016699559055268764, 0.0016601840034127235, 0.001649398123845458, 0.0016401722095906734, 0.0016279345145449042, 0.0016175989294424653, 0.001607406884431839, 0.0015891245566308498, 0.001584113691933453, 0.0015796697698533535, 0.0015752478502690792, 0.0015723909018561244, 0.0015608062967658043, 0.0015586583176627755, 0.0015563617926090956, 0.001554672489874065, 0.001552667235955596, 0.0015467382036149502, 0.0015457463450729847, 0.001545123290270567, 0.001543828984722495, 0.0015429987106472254, 0.0015396649250760674, 0.0015389462932944298, 0.0015386366285383701, 0.0015382968122139573, 0.0015377270756289363, 0.001536025432869792, 0.0015356774674728513, 0.0015355183277279139, 0.0015352062182500958, 0.0015349679160863161, 0.0015348094748333097, 0.0015344806015491486, 0.0015344477724283934, 0.0015333961928263307, 0.0015332347247749567, 0.0015330688329413533, 0.001532988273538649, 0.0015328730223700404, 0.0015323893167078495, 0.0015322932740673423, 0.001532254507765174, 0.0015321889659389853, 0.0015321183018386364, 0.0015318901278078556, 0.0015318661462515593, 0.0015318142250180244, 0.0015318120131269097, 0.001531751942820847, 0.0015316406497731805, 0.0015316101489588618, 0.0015315989730879664, 0.0015315833734348416, 0.0015315664932131767, 0.0015314924530684948, 0.001531486283056438, 0.0015314756892621517, 0.0015314723132178187, 0.0015314719639718533, 0.00153142842464149, 0.0015314242336899042, 0.001531414338387549, 0.001531417015939951, 0.0015314138727262616, 0.001531391404569149, 0.001531389425508678, 0.0015313861658796668, 0.0015313837211579084, 0.0015313848853111267, 0.0015313704498112202, 0.001531371264718473, 0.001531370566226542, 0.0015313696349039674], "mae": [0.031824689358472824, 0.024392200633883476, 0.02352544292807579, 0.02327754534780979, 0.023031823337078094, 0.0228709876537323, 0.02268870174884796, 0.022312210872769356, 0.02223486453294754, 0.022133072838187218, 0.02204159088432789, 0.0219030249863863, 0.021799582988023758, 0.021675584837794304, 0.021414924412965775, 0.021373042836785316, 0.021320771425962448, 0.021272437646985054, 0.021252840757369995, 0.021085236221551895, 0.021070417016744614, 0.021046107634902, 0.021032024174928665, 0.021023964509367943, 0.02092873305082321, 0.02092445082962513, 0.02092396654188633, 0.020904891192913055, 0.020901262760162354, 0.02085009030997753, 0.020846685394644737, 0.020842915400862694, 0.02084229700267315, 0.020836764946579933, 0.02080901898443699, 0.020809844136238098, 0.020808106288313866, 0.020803477615118027, 0.0208039078861475, 0.0208009984344244, 0.020798755809664726, 0.02079767920076847, 0.020784642547369003, 0.020784037187695503, 0.020781511440873146, 0.020780833438038826, 0.020780621096491814, 0.020774226635694504, 0.020774630829691887, 0.02077358029782772, 0.020772768184542656, 0.02077287621796131, 0.020767342299222946, 0.02076885662972927, 0.020768607035279274, 0.020767588168382645, 0.02076781541109085, 0.020768089219927788, 0.020764954388141632, 0.02076544053852558, 0.020767567679286003, 0.020767180249094963, 0.020763538777828217, 0.020766640082001686, 0.02076365426182747, 0.02076534740626812, 0.020765336230397224, 0.020764755085110664, 0.020761018618941307, 0.020765230059623718, 0.02076348476111889, 0.02076478861272335, 0.020764600485563278, 0.020765865221619606, 0.020763808861374855, 0.020760925486683846, 0.02076682075858116, 0.02076127752661705, 0.020764922723174095, 0.02076404169201851, 0.020764503628015518], "mse": [0.0032150589395314455, 0.001838754746131599, 0.0017741217743605375, 0.001751031493768096, 0.0017306270310655236, 0.0017148001352325082, 0.0016984237590804696, 0.0016699559055268764, 0.0016601837705820799, 0.001649398123845458, 0.0016401722095906734, 0.0016279345145449042, 0.0016175990458577871, 0.001607406884431839, 0.0015891245566308498, 0.0015841135755181313, 0.0015796697698533535, 0.001575247966684401, 0.0015723909018561244, 0.0015608064131811261, 0.0015586585504934192, 0.0015563617926090956, 0.001554672489874065, 0.001552667235955596, 0.0015467382036149502, 0.0015457463450729847, 0.0015451234066858888, 0.001543828984722495, 0.0015429987106472254, 0.0015396649250760674, 0.0015389462932944298, 0.0015386366285383701, 0.0015382966957986355, 0.0015377270756289363, 0.001536025432869792, 0.001535677583888173, 0.001535518211312592, 0.0015352062182500958, 0.0015349679160863161, 0.0015348094748333097, 0.0015344806015491486, 0.0015344478888437152, 0.0015333961928263307, 0.0015332347247749567, 0.0015330689493566751, 0.0015329881571233273, 0.0015328729059547186, 0.0015323892002925277, 0.0015322931576520205, 0.001532254507765174, 0.0015321889659389853, 0.0015321184182539582, 0.0015318901278078556, 0.0015318661462515593, 0.0015318142250180244, 0.0015318120131269097, 0.001531751942820847, 0.0015316406497731805, 0.0015316101489588618, 0.0015315989730879664, 0.0015315833734348416, 0.0015315664932131767, 0.0015314926858991385, 0.0015314863994717598, 0.0015314755728468299, 0.0015314723132178187, 0.0015314719639718533, 0.00153142842464149, 0.0015314242336899042, 0.001531414221972227, 0.0015314168995246291, 0.0015314137563109398, 0.001531391404569149, 0.001531389425508678, 0.0015313862822949886, 0.0015313837211579084, 0.0015313848853111267, 0.0015313702169805765, 0.001531371264718473, 0.0015313704498112202, 0.0015313696349039674], "r2": [0.7730346322059631, 0.824985682964325, 0.8281583786010742, 0.8294714093208313, 0.8307702541351318, 0.8318889737129211, 0.8328864574432373, 0.8347873687744141, 0.8353652954101562, 0.8360468745231628, 0.8365262150764465, 0.8370459675788879, 0.8376266360282898, 0.8382201790809631, 0.8393122553825378, 0.8396845459938049, 0.8399827480316162, 0.8402962684631348, 0.8405368328094482, 0.8413475155830383, 0.8415047526359558, 0.8416909575462341, 0.8418412208557129, 0.8420381546020508, 0.8424260020256042, 0.8425195813179016, 0.8425909876823425, 0.8426830172538757, 0.8427674174308777, 0.8429868817329407, 0.8430523872375488, 0.843076229095459, 0.8431064486503601, 0.8431574702262878, 0.8432819843292236, 0.8433113694190979, 0.8433263897895813, 0.8433489799499512, 0.8433721661567688, 0.8433883786201477, 0.8434121012687683, 0.8434160351753235, 0.8434976935386658, 0.8435109257698059, 0.8435255885124207, 0.8435347676277161, 0.8435440063476562, 0.8435797691345215, 0.843585193157196, 0.8435900807380676, 0.8435959219932556, 0.8436010479927063, 0.8436194062232971, 0.8436219096183777, 0.8436263203620911, 0.843625545501709, 0.8436309695243835, 0.8436388969421387, 0.8436412215232849, 0.8436444401741028, 0.8436443209648132, 0.8436461091041565, 0.843651294708252, 0.8436522483825684, 0.8436532616615295, 0.8436535000801086, 0.843653678894043, 0.8436567187309265, 0.8436573147773743, 0.8436582684516907, 0.8436579704284668, 0.8436579704284668, 0.8436603546142578, 0.8436603546142578, 0.8436606526374817, 0.8436606526374817, 0.8436605334281921, 0.8436616063117981, 0.8436615467071533, 0.8436616063117981, 0.843661367893219],