{"loss": [0.005533511750400066, 0.0019095409661531448, 0.0018595948349684477, 0.0018337323563173413, 0.0018126636277884245, 0.001800283556804061, 0.0017940175021067262, 0.0017823157832026482, 0.0017737189773470163, 0.001770466915331781, 0.0017660693265497684, 0.0017338015604764223, 0.0017370587447658181, 0.0017320339102298021, 0.0017281740438193083, 0.0017235175473615527, 0.0017094912473112345, 0.0017092900816351175, 0.0017083814600482583, 0.0017071175388991833, 0.001705092960037291, 0.001698278239928186, 0.0016982241068035364, 0.001697862520813942, 0.001696900581009686, 0.0016966803232207894, 0.0016925814561545849, 0.0016925111413002014, 0.0016920558409765363, 0.001691193669103086, 0.0016917987959459424, 0.0016889827093109488, 0.0016888794489204884, 0.0016887279925867915, 0.0016888498794287443, 0.001688241260126233, 0.0016870500985533, 0.0016870485851541162, 0.0016869123792275786, 0.001686737174168229, 0.001686546835117042, 0.0016859198221936822, 0.00168598722666502, 0.001685838564299047, 0.0016857873415574431, 0.001685794093646109, 0.0016853907145559788, 0.0016853484557941556, 0.001685285591520369, 0.001685288385488093, 0.0016852555563673377, 0.0016850458923727274, 0.0016850034007802606, 0.001684994320385158, 0.0016850110841915011, 0.0016849746461957693, 0.0016848689410835505, 0.0016848435625433922, 0.001684863236732781, 0.0016848441446200013, 0.0016848330851644278, 0.0016847815131768584, 0.0016847720835357904, 0.0016847644001245499, 0.001684772316366434, 0.0016847655642777681, 0.0016847372753545642, 0.001684731338173151, 0.0016847284277901053, 0.0016847194638103247, 0.0016847227234393358, 0.001684712478891015, 0.0016847102669999003, 0.0016847102669999003, 0.0016847074730321765, 0.001684708520770073, 0.0016846980433911085, 0.0016846965299919248, 0.0016846968792378902, 0.0016846978105604649, 0.001684695715084672], "mae": [0.03723156452178955, 0.025409381836652756, 0.024754181504249573, 0.02442883886396885, 0.024139996618032455, 0.02399301901459694, 0.02397172898054123, 0.02381819859147072, 0.023692157119512558, 0.0236599650233984, 0.023635240271687508, 0.023082301020622253, 0.023184759542346, 0.023138627409934998, 0.023103822022676468, 0.023040086030960083, 0.0227983258664608, 0.02280719019472599, 0.022807108238339424, 0.022786350920796394, 0.022761251777410507, 0.022646594792604446, 0.022647857666015625, 0.02265312150120735, 0.02263731136918068, 0.022633500397205353, 0.02256573922932148, 0.022568045184016228, 0.022564465180039406, 0.022552790120244026, 0.022563904523849487, 0.022511690855026245, 0.022515544667840004, 0.02251211740076542, 0.02251616306602955, 0.022504495456814766, 0.022486750036478043, 0.022487768903374672, 0.022483041509985924, 0.022483672946691513, 0.022480081766843796, 0.022469334304332733, 0.022470811381936073, 0.02246919274330139, 0.02246791124343872, 0.022468365728855133, 0.02246278151869774, 0.022459719330072403, 0.022460907697677612, 0.0224599651992321, 0.022459758445620537, 0.022457214072346687, 0.022455893456935883, 0.02245495282113552, 0.02245643548667431, 0.02245493046939373, 0.022453347221016884, 0.02245474047958851, 0.022452877834439278, 0.02245410531759262, 0.022452721372246742, 0.022453133016824722, 0.02245120331645012, 0.022454028949141502, 0.022450679913163185, 0.02245059795677662, 0.02245248109102249, 0.0224520955234766, 0.022451749071478844, 0.02245183289051056, 0.022451918572187424, 0.022448522970080376, 0.022452404722571373, 0.022449923679232597, 0.022450795397162437, 0.02245124615728855, 0.02245164103806019, 0.0224519781768322, 0.022452373057603836, 0.02245117537677288, 0.022449763491749763], "mse": [0.005533511750400066, 0.0019095407333225012, 0.001859594602137804, 0.0018337323563173413, 0.0018126633949577808, 0.0018002832075580955, 0.0017940175021067262, 0.0017823157832026482, 0.0017737188609316945, 0.001770466798916459, 0.0017660693265497684, 0.001733801793307066, 0.0017370587447658181, 0.0017320339102298021, 0.0017281738109886646, 0.0017235175473615527, 0.0017094912473112345, 0.0017092903144657612, 0.001708381692878902, 0.0017071175388991833, 0.001705092960037291, 0.001698278239928186, 0.0016982241068035364, 0.001697862520813942, 0.001696900581009686, 0.0016966804396361113, 0.0016925814561545849, 0.0016925109084695578, 0.0016920557245612144, 0.0016911934362724423, 0.0016917987959459424, 0.001688982592895627, 0.0016888794489204884, 0.0016887279925867915, 0.0016888498794287443, 0.001688241260126233, 0.0016870500985533, 0.0016870483523234725, 0.001686912146396935, 0.001686737174168229, 0.001686546835117042, 0.0016859197057783604, 0.00168598722666502, 0.001685838564299047, 0.0016857875743880868, 0.001685794093646109, 0.001685390598140657, 0.0016853484557941556, 0.001685285591520369, 0.001685288385488093, 0.0016852556727826595, 0.0016850458923727274, 0.0016850034007802606, 0.0016849945532158017, 0.0016850108513608575, 0.0016849746461957693, 0.0016848689410835505, 0.0016848435625433922, 0.001684863236732781, 0.0016848441446200013, 0.0016848330851644278, 0.0016847812803462148, 0.001684772316366434, 0.0016847644001245499, 0.0016847720835357904, 0.0016847655642777681, 0.001684737391769886, 0.001684731338173151, 0.0016847281949594617, 0.0016847196966409683, 0.0016847227234393358, 0.001684712478891015, 0.0016847100341692567, 0.0016847100341692567, 0.0016847073566168547, 0.001684708520770073, 0.0016846978105604649, 0.0016846962971612811, 0.0016846968792378902, 0.001684697694145143, 0.0016846959479153156], "r2": [0.6618828177452087, 0.8231752514839172, 0.8248076438903809, 0.8259830474853516, 0.8268440365791321, 0.8278129696846008, 0.8286822438240051, 0.8293604850769043, 0.8296712040901184, 0.8298552632331848, 0.8304432034492493, 0.8318284153938293, 0.8317489624023438, 0.8320075869560242, 0.8322325348854065, 0.8323310017585754, 0.8329816460609436, 0.8330283164978027, 0.8330817222595215, 0.8331441879272461, 0.8332366943359375, 0.8335985541343689, 0.8335900902748108, 0.8336504101753235, 0.8336916565895081, 0.8336589932441711, 0.8339288234710693, 0.8339335322380066, 0.8339479565620422, 0.8339734077453613, 0.8339529037475586, 0.8341018557548523, 0.8341104388237, 0.834118127822876, 0.834114134311676, 0.834144115447998, 0.8342092633247375, 0.8342099189758301, 0.8342180252075195, 0.8342220187187195, 0.8342322707176208, 0.8342633247375488, 0.8342711329460144, 0.8342722058296204, 0.8342764973640442, 0.8342726826667786, 0.8342986702919006, 0.834300696849823, 0.8343029618263245, 0.834300696849823, 0.8343027234077454, 0.8343161940574646, 0.8343174457550049, 0.8343185782432556, 0.8343172669410706, 0.8343204855918884, 0.8343262076377869, 0.834326446056366, 0.8343262672424316, 0.8343265652656555, 0.8343254923820496, 0.8343303799629211, 0.8343309760093689, 0.8343296647071838, 0.8343297839164734, 0.8343300223350525, 0.8343324065208435, 0.8343324065208435, 0.834332287311554, 0.8343325257301331, 0.8343325257301331, 0.834333598613739, 0.834333598613739, 0.8343338966369629, 0.8343334794044495, 0.8343334197998047, 0.8343338966369629, 0.8343341946601868, 0.8343340754508972, 0.8343344330787659, 0.8343341946601868],