{"mae": [0.06549728912095343, 0.051147616862517856, 0.04959954494642776, 0.04860238323810636, 0.047769147947177286, 0.047197383804917906, 0.04660092360160215, 0.04612570338168793, 0.04579961843478637, 0.04545972996444922, 0.045124720701553295, 0.04492987188707229, 0.043672675585710134, 0.04358510170423816, 0.04343831390435597, 0.043347079329519124, 0.04328904767456593, 0.04316534228304248, 0.04252074403744079, 0.04246028746890788, 0.04245456379528685, 0.042371742335794556, 0.042333548340474654, 0.04231428393683808, 0.04194846300231999, 0.04191629635388222, 0.04189722599295116, 0.04186800442741226, 0.041883610437903375, 0.041663205283304916, 0.04164770397682198, 0.04164173725839852, 0.041630181838413376, 0.041609482684548844, 0.04150600112540886, 0.041496641166323824, 0.0415003586691413, 0.04148946463926427, 0.04148294955624113, 0.041423880677720445, 0.04142568424110501, 0.04142405819922322, 0.04141666994522172, 0.04141628409877829, 0.04138874752805354, 0.04138259355640484, 0.04138379175335615, 0.04138219745940273, 0.04137670043585968, 0.041366551752461574, 0.04136475868125947, 0.041360546868833725, 0.04136345287937683, 0.041365006656557415, 0.041357055248284445, 0.041363367775014453, 0.0413503636834535, 0.04135296007143653, 0.041353192417298484, 0.041351486277241355, 0.041352224110234995, 0.041350303679200645, 0.04134362241220323, 0.0413481443074029, 0.04134370761885758, 0.04134354533820164, 0.04134833497701001, 0.04134449730475036, 0.041344496372727545, 0.04134131755705572, 0.04134271912405175, 0.04135212055112499, 0.04133840151254212, 0.04134601770645148, 0.04134214372959783, 0.041342634497218464], "mse": [0.010478582280297044, 0.0058823259686700095, 0.005659638348323251, 0.005501963415695634, 0.005373724864604, 0.005283415699028632, 0.0051893702278294805, 0.005115730401369382, 0.005058271812122399, 0.005008637130489179, 0.0049500627042846235, 0.0049136319873506005, 0.0047453669426647605, 0.004720389826752749, 0.004697552348689059, 0.004678815808508204, 0.004665126124616075, 0.004646403163589701, 0.0045599202848820766, 0.004548431699721013, 0.004542715877200502, 0.004530514184016976, 0.004523303856934228, 0.004516955360598961, 0.004468985771506105, 0.004463523253161318, 0.004459715503882695, 0.004453495044089543, 0.004452210431113134, 0.004424454783327814, 0.004422916413999387, 0.0044196835867878976, 0.0044171633230137425, 0.00441459145826758, 0.004401549851026188, 0.004398861897622585, 0.004398058748004347, 0.004397021466518254, 0.004394893570517507, 0.004388629514263163, 0.004387269959141221, 0.004386691908270553, 0.00438597847876089, 0.004385400884122912, 0.004381474177068405, 0.004380839757209306, 0.00438066650030448, 0.0043804360439184615, 0.004380088689971547, 0.004377934346041364, 0.0043778280709822915, 0.00437762244801871, 0.004377353014654374, 0.004377286992605355, 0.004377063341239686, 0.004377073809223834, 0.004375781261141585, 0.004375773254198373, 0.004375712984057838, 0.004375645564001227, 0.004375572401428228, 0.0043749722599638555, 0.004374890135969195, 0.004374861260912089, 0.004374826650330092, 0.00437478513689504, 0.0043745598837016605, 0.0043744524244431395, 0.004374464384419235, 0.004374509503643763, 0.004374403218784255, 0.004374265369859314, 0.0043741972939528, 0.004374251326279118, 0.004374239941963192, 0.00437421429180583], "r2": [0.6012619982569781, 0.7348369641780428, 0.7418081272709327, 0.7469611035230654, 0.751519053011178, 0.7543108490594034, 0.7576170047863231, 0.760332521249489, 0.7626132660616755, 0.7646464709510269, 0.7669376165544554, 0.7686023655557354, 0.7750415495132902, 0.7763321527176195, 0.7772044781629813, 0.7780766204501729, 0.7786550377880076, 0.7794956611906185, 0.7828203158318034, 0.7832557910177625, 0.7835966893531183, 0.784091346733227, 0.7843356847092436, 0.7846801352326374, 0.7865233116210133, 0.7867415282986084, 0.7869076192769121, 0.7871907106992279, 0.7872757209159099, 0.7883009784079732, 0.7883839972188523, 0.7885260929806855, 0.7886242948851433, 0.7887563163899897, 0.789248322617737, 0.7893535381837967, 0.7894060893022922, 0.7894502073045437, 0.7895182611853097, 0.7897637590668789, 0.7898235447713455, 0.7898542417758274, 0.7898780665276868, 0.7899079398992072, 0.7900597789785074, 0.7900849025477547, 0.7900893690382507, 0.7901032285160546, 0.7901114485269809, 0.7902010734268005, 0.7902093392668027, 0.7902135181537432, 0.7902283680354089, 0.7902287573544969, 0.7902413465774224, 0.7902385013076874, 0.7902933092316761, 0.7902895360873017, 0.7902898747517838, 0.7902987985833329, 0.7902969210083359, 0.7903263898561286, 0.7903260845459531, 0.7903288330432425, 0.7903284327838015, 0.7903334554762891, 0.7903387341719103, 0.7903424154232903, 0.790340998114777, 0.7903423713407771, 0.7903459213242346, 0.7903508242499725, 0.7903532678877253, 0.790352838099745, 0.7903532916177243, 0.7903532521841082], "rmse": [0.10236494654078145, 0.07669632304530648, 0.07523056791174218, 0.07417522103570459, 0.07330569462602479, 0.07268710820378421, 0.07203728359557625, 0.07152433433013818, 0.0711215284715001, 0.07077172550170852, 0.0703566820158869, 0.07009730370956219, 0.06888662382977381, 0.06870509316457368, 0.06853869234738186, 0.06840186991967548, 0.06830172856243152, 0.06816453009879626, 0.0675271818224489, 0.06744206179915478, 0.06739967267873415, 0.06730909436336949, 0.06725551172159966, 0.0672082983016157, 0.0668504732332248, 0.06680960449786631, 0.06678110139764613, 0.06673451164194988, 0.06672488614537408, 0.06651657525254749, 0.06650501044281841, 0.06648070085963217, 0.06646174330405231, 0.06644239202698515, 0.06634417722020666, 0.06632391648283886, 0.06631786145529986, 0.06631004046536432, 0.06629399347239166, 0.06624673210252083, 0.06623647000815504, 0.06623210632518456, 0.06622672027785229, 0.06622235939713196, 0.06619270486291072, 0.06618791247055089, 0.06618660363173562, 0.0661848626493888, 0.06618223847809582, 0.06616596062962711, 0.06616515753009504, 0.0661636036504868, 0.06616156750451407, 0.06616106855700983, 0.06615937833172018, 0.06615945744354192, 0.06614968829209693, 0.06614962777067135, 0.0661491722099214, 0.06614866260175807, 0.06614810958317878, 0.06614357308131952, 0.06614295227739078, 0.06614273399937508, 0.06614247236330144, 0.06614215854426767, 0.06614045572644371, 0.06613964336495276, 0.06613973377947054, 0.06614007486874932, 0.06613927138080866, 0.0661382292615951, 0.06613771461089958, 0.0661381230931081, 0.06613803702834846, 0.06613784311425516], "loss": [0.3617353827007817, 0.3621904447003316, 0.3621954615309961, 0.3621885279809911, 0.3621940470763172, 0.36219024786863174, 0.3621873823027012, 0.362185414520222, 0.36219417610507637, 0.36218077733187565, 0.36219497129419725, 0.3621852593585723, 0.36219414012363615, 0.3621847507196767, 0.3621842144695896, 0.36219184505977164, 0.3621814737850721, 0.3621897946263235, 0.3621879409084345, 0.3621902793485438, 0.3621916002046043, 0.3621946859097113, 0.36218361840753327, 0.3621906434183797, 0.36219695151333664, 0.3621932864111986, 0.36218690031271494, 0.3622011297495573, 0.36218777072389363, 0.36218735257306534, 0.3621952007132181, 0.3621960431688202, 0.3621976295737487, 0.362192681219846, 0.36219427320642733, 0.3621943698261783, 0.3621949326976675, 0.36219426247233855, 0.36219167971987737, 0.362192647610641, 0.36219605833351365, 0.362204329122572, 0.3621921914939445, 0.36218874576691384, 0.3622012852645151, 0.3621878472015497, 0.36220584560847247, 0.3621994810714808, 0.3621821128523162, 0.36221584125850487, 0.3621819643865483, 0.362193747897956, 0.36219874165499044, 0.3621993895755685, 0.36219147365319954, 0.36219635119186117, 0.3621796775967366, 0.36220206234494445, 0.36220965276689826, 0.3621843255004577, 0.36219200901389337, 0.36221563602769724, 0.3621925244925324, 0.3621856572557178, 0.36218673917381744, 0.3621780906081515, 0.36220634755034553, 0.36219238117640523, 0.362204320470989, 0.36216260365422204, 0.362196348832045, 0.3622536067551368, 0.3621663251238428, 0.3622409625976675, 0.36215259952042755, 0.3622289513797312],