{"mae": [0.9200802437918526, 0.8241932460239954, 0.794572012765067, 0.7776937255859374, 0.7643760637555803, 0.7524212820870535, 0.7404543369838169, 0.7277142421177457, 0.7136834106445311, 0.697534188406808, 0.6888152117047991, 0.679446071079799, 0.6696923392159598, 0.6593539995465961], "mse": [1.3146561671665735, 1.0567032481602259, 0.9804651843479703, 0.9379576808384485, 0.9057887529645648, 0.8773298143659322, 0.8496019014630999, 0.8209205213274273, 0.7902626746041435, 0.7556445677621025, 0.7371035755702426, 0.7178872108459473, 0.697811755316598, 0.676969050679888], "r2": [-0.33040395832256864, -0.06925788215968513, 0.007923832137424128, 0.050942660400975504, 0.08349140664480163, 0.11228887945815307, 0.14035940415944162, 0.1693843187349521, 0.200441997990113, 0.23547120690668819, 0.25423762604942185, 0.27368957807708877, 0.2940126325504792, 0.31511456248366204], "rmse": [1.1465779795512046, 1.0279592335517, 0.990175901893104, 0.9684753258991664, 0.9517258179964802, 0.9366575897567799, 0.9217340100561757, 0.9060460197266286, 0.8889542110197498, 0.8692726212207993, 0.8585430817741633, 0.8472790581927976, 0.8353476751971287, 0.8227749790273176], "loss": [-3.332846505301587e-05, 0.01503331829252697, 0.012064167204357327, 0.012615542820521764, 0.01312865738641648, 0.013491754804338727, 0.013745002746582032, 0.013945820036388579, 0.01403477550688244, 0.01375767190115792, 0.014414421081542967, 0.014146728878929505, 0.014047643752325147, 0.013915550595238097], "reg_loss": [17.071615170802136, 9.203005822923563, 7.936924996712751, 6.65933719418976, 6.313646005014798, 6.151848711593824, 5.986115263965706, 5.831213114276957, 5.709665795148089, 4.866909337839845, 4.7441610409741966, 4.687281291907314, 4.609841449730576, 4.554645653552829], "val_loss": [1.21185965198214, 1.145866735660877, 1.1239140977579962, 1.1198680380286652, 1.1212617475446824, 1.1269564805624186, 1.1360643270282345, 1.1485832542523224, 1.1646221441068478, 1.1742337040370665, 1.1856872314855353, 1.1982147071079559, 1.2118696646510723, 1.226574135115936], "val_mae": [0.8755809122721354, 0.8487335611979167, 0.8395182291666665, 0.8381383463541667, 0.839267578125, 0.8421111653645833, 0.8464781087239582, 0.8522992350260417, 0.8594213053385416, 0.863695068359375, 0.868492919921875, 0.8734693196614584, 0.8788216959635418, 0.8846314290364582], "val_mse": [1.2118639869689942, 1.1458585205078122, 1.1239171142578124, 1.1198411153157553, 1.1212816569010415, 1.1269230346679686, 1.1360685119628906, 1.1486110127766929, 1.1646219685872397, 1.1742212015787763, 1.185710510253906, 1.1982465311686197, 1.2118615112304687, 1.226581583658854], "val_r2": [-0.2107138522139241, -0.1442745142803604, -0.12180364561929435, -0.11755186211320479, -0.11874550366267848, -0.12428420104239916, -0.1332523000879314, -0.14565749922548657, -0.16158509807771418, -0.17101944867931032, -0.18244662592000246, -0.19490618570866255, -0.20851403408592453, -0.22316324382710642], "val_rmse": [1.1008449718203468, 1.0704516503144255, 1.0601481489669244, 1.0582381764180808, 1.0588964763113922, 1.0615820649212282, 1.0658631840101402, 1.0717197647950336, 1.07917660468843, 1.0836206458152533, 1.0888926629771805, 1.094629940714192, 1.100849519530745, 1.1075080745150059], "learning_rate": [0.001, 0.001, 0.001, 0.001, 0.001, 0.001, 0.001, 0.001, 0.001, 0.0005, 0.0005, 0.0005, 0.0005, 0.0005], "training_time": 3.538390874862671}