{"mae": [0.064306967890145, 0.05120527064962519, 0.04989863453112115, 0.04900296568023376, 0.048163434402738216, 0.04741549670195249, 0.046822252540138914, 0.04622868800184471, 0.04575942641525315, 0.04539542983220718, 0.044986206941242834, 0.04462119747185111, 0.04441633787168894, 0.04411640261974085, 0.043927260955120506, 0.04380726834610861, 0.0436285509993904, 0.04258079840925153, 0.04245987527275303, 0.042374102485251953, 0.04231936102428536, 0.04221191933799975, 0.04213532860513855, 0.04152186983667271, 0.041463353776628055, 0.04137723902420748, 0.04135551363755555, 0.04132603505491318, 0.04127737896167084, 0.04091619239390138, 0.04089169817454327, 0.040863311262683326, 0.040855741114287365, 0.040835517418244885, 0.04062651921018588, 0.04061733579805148, 0.040596711029886455, 0.040588921750073885, 0.04057808082726367, 0.04047769485204724, 0.04046521129542105, 0.04046420519089258, 0.040458586572408785, 0.04044544856926739, 0.04040200346837236, 0.04039475234318552, 0.04039206892724945, 0.040387943290882175, 0.04039064708645602, 0.04035666397030842, 0.040356218219803654, 0.04035309999936224, 0.04035444367389599, 0.040352214188664325, 0.040336630594172126, 0.04033748493882952, 0.04033457420183324, 0.04033550837315576, 0.040336299523753526, 0.040324121638759564, 0.04032661847665753, 0.04032772032115983, 0.04032597585080685, 0.04032717080001906, 0.040320499206878004], "mse": [0.010386348131290168, 0.005891081103508081, 0.005695412590913602, 0.005562287088390668, 0.005426509959309133, 0.0053142373344778745, 0.005219328944573725, 0.00512484122814535, 0.00504594816978582, 0.004977732776101491, 0.004911224203238754, 0.004851614457875943, 0.00481065190455471, 0.004761430790966745, 0.004731295010546509, 0.004705593237577437, 0.004675530820650546, 0.004532985475731947, 0.0045103749217791835, 0.004491433489981703, 0.004477872880403028, 0.004462434920098635, 0.00444270600394029, 0.004361601822338961, 0.004348889037931481, 0.0043370921439548705, 0.004329485483158196, 0.004321325438306175, 0.004312028448787393, 0.004265956753957435, 0.004259936004052405, 0.004255186795132275, 0.0042497710004929185, 0.004245467424448236, 0.004219854796965409, 0.00421634503991159, 0.004212785289006157, 0.00421050829701871, 0.0042080464037551404, 0.004194827035141746, 0.004192493812247676, 0.004191756485832188, 0.004190197098263819, 0.004188382429866941, 0.004181590415185026, 0.0041805476004872265, 0.00417988019426485, 0.004178851697787463, 0.0041786812094760815, 0.0041748837752228615, 0.004174105186761035, 0.004173949321484085, 0.004173606149800529, 0.0041733580354860805, 0.004171332685856924, 0.004171087308262777, 0.004170947633476089, 0.004170636066575005, 0.004170649424243382, 0.00416947095214887, 0.004169432285822948, 0.004169382484952537, 0.004169192233440634, 0.0041691489903055, 0.004168574137871618], "r2": [0.614710420366548, 0.733999096587663, 0.7412879562165174, 0.7459553333869264, 0.750571887031558, 0.7539183471776779, 0.7572024877568544, 0.7610865974298361, 0.7636826032694478, 0.7665472067706031, 0.769224416354553, 0.771719527277516, 0.7737055155450189, 0.775733654431554, 0.7770041830592685, 0.7782218362199164, 0.7796143644925854, 0.7850678051233162, 0.7860331443323387, 0.7868193297870025, 0.7875792496802525, 0.788193330500873, 0.7891853700784152, 0.7923223577371984, 0.7928953710038057, 0.7933482904987951, 0.793717649304264, 0.7941370504390927, 0.7945266298797646, 0.7963886389440127, 0.7966375335683299, 0.7968509363319968, 0.7971538589250272, 0.7973809068570437, 0.7983684952234844, 0.7985416662468682, 0.7987065221702913, 0.7988139657089127, 0.7989482270840064, 0.7994604621986311, 0.7995782512284699, 0.799603100973009, 0.7996820473256664, 0.7997549350821574, 0.8000438748757567, 0.8000927867208523, 0.800121620331178, 0.8001645882566759, 0.8001845527717714, 0.8003374298139878, 0.8003599095911191, 0.800370333989533, 0.8003972556485485, 0.8004071467871464, 0.8004843915892219, 0.8004980312246625, 0.800507876851599, 0.8005217114343489, 0.800517728226905, 0.8005695139752732, 0.8005696201777361, 0.8005723369169925, 0.8005800849695296, 0.8005833122454358, 0.800608748755428], "rmse": [0.10191343449854963, 0.0767533784501248, 0.07546795737870213, 0.07458074207455077, 0.07366484887182714, 0.07289881572754028, 0.07224492331350159, 0.07158799639705912, 0.0710348377191489, 0.07055304937493127, 0.07008012702070933, 0.06965353155351092, 0.06935886320114186, 0.06900312160306044, 0.06878440964743762, 0.06859732675241388, 0.06837785329074426, 0.06732744964523717, 0.0671593249056241, 0.06701815791247699, 0.06691691027238951, 0.0668014589668417, 0.06665362708765585, 0.06604242441294052, 0.0659461070718468, 0.06585660288805421, 0.0657988258493888, 0.06573678907815757, 0.065666037255094, 0.06531429211097244, 0.06526818523639527, 0.06523179282475897, 0.06519026768232294, 0.06515725151085056, 0.06496040945811078, 0.0649333892532308, 0.0649059726759114, 0.06488842960820296, 0.06486945663218661, 0.06476748439720155, 0.06474946959047367, 0.06474377565320227, 0.0647317317724763, 0.0647177134165519, 0.06466521797059857, 0.06465715428695595, 0.06465199296436924, 0.06464403837777667, 0.06464271969430185, 0.06461334053601363, 0.06460731527281594, 0.06460610901055786, 0.06460345307954156, 0.06460153276421605, 0.06458585515309775, 0.06458395550183324, 0.06458287415001046, 0.06458046195696501, 0.064580565375687, 0.06457144068509599, 0.06457114127706702, 0.06457075564799081, 0.06456928242934588, 0.06456894757006265, 0.06456449595460045], "loss": [0.36189129652177315, 0.36219807402769977, 0.3621988718040138, 0.3621995907331925, 0.36219179446467586, 0.3621982016166391, 0.36218051210256064, 0.36218772681362094, 0.362189042272814, 0.3621825101616047, 0.36217714602714074, 0.36218112315440754, 0.362181031345678, 0.36218425794465575, 0.3621792672650744, 0.3621812834391987, 0.3621825134590877, 0.3621938552482999, 0.36218395531926867, 0.36218431434869514, 0.3621882585889382, 0.362185946713912, 0.3621905419712522, 0.3621895317162448, 0.3621935056525454, 0.3621864696894159, 0.362188488052997, 0.3621940256840472, 0.3621882430112067, 0.36219193873394945, 0.3621938357932746, 0.36219452810472186, 0.36218844674185463, 0.36219559161338266, 0.36219475591488126, 0.3621973483569857, 0.36218365236016203, 0.362201730234521, 0.3621914544558104, 0.36220255998345663, 0.3621827807739734, 0.36220282545974053, 0.36219080491631184, 0.36219451332595637, 0.36219124029383154, 0.36219600007093744, 0.36220832819795734, 0.36219152046352804, 0.36218953502124773, 0.36218594844616986, 0.3621977029816052, 0.3621901168151745, 0.3622081562132507, 0.3621841956386274, 0.3621904637957507, 0.3622012150429894, 0.3622053543078138, 0.362182588424735, 0.3622036470664999, 0.3621633662328461, 0.3622213103700277, 0.362187001435348, 0.3621870639869443, 0.3621987749598598, 0.3622016474891048],