{"loss": [0.009095926503067408, 0.0061349018650006006, 0.0058549303773195276, 0.005689963282807733, 0.0055644410794770905, 0.00546451584999759, 0.005364322562602794, 0.005305283699471351, 0.005245955649316051, 0.005201253411191356, 0.0051648561796087435, 0.005125768717765065, 0.005092885723800574, 0.004930460185438209, 0.0049075245740006065, 0.004892969542038054, 0.004874684975907249, 0.004853977196539908, 0.004845194982789495, 0.004751661728737443, 0.004744390130314957, 0.00473120400993185, 0.004719067275518473, 0.0047094101596806565, 0.004664135593399757, 0.004649023019071713, 0.004642058125695541, 0.004638437006425764, 0.004640618130058831, 0.004611449695383361, 0.004608164983303686, 0.004597258166171164, 0.004595445907852094, 0.004590978888643307, 0.0045782747888846115, 0.004577945862926823, 0.004575358892374538, 0.004574613480205571, 0.004579470704953231, 0.0045715235439537025, 0.004560289932780869, 0.0045640142367690106, 0.00456381519412955, 0.004565734370824254, 0.004561921954334254, 0.0045606712486791256, 0.004555862397993331], "mae": [0.06532465016370746, 0.053249186252335455, 0.05161289184300131, 0.05062964619970749, 0.04992222290863883, 0.04937699032816301, 0.04882978216563595, 0.0485865611324297, 0.04822233842828516, 0.04803304735408787, 0.04781471420310987, 0.04765108640544523, 0.04744412387299903, 0.04638972288982218, 0.04628057513898976, 0.04618706639107563, 0.04609595857217347, 0.046006600263921935, 0.04600260792553979, 0.0453890599364117, 0.045352389178440256, 0.04524989446046367, 0.04524121496725654, 0.045217497785163444, 0.044921447712529046, 0.044858690979364915, 0.04485666178057387, 0.04479718658982058, 0.04482282359558521, 0.0446610992413415, 0.04466766179076104, 0.04459545058611832, 0.04457962564414336, 0.044565957125473274, 0.044487633409972985, 0.04450571736149232, 0.04451596974111048, 0.04449431017113112, 0.04449754166576925, 0.04451095050610214, 0.0444180075771791, 0.044443282669904494, 0.044437485792444914, 0.04446331349684095, 0.044427593671768906, 0.04441193700922804, 0.04441072928826505], "mse": [0.00909592650306741, 0.0061349018650006006, 0.005854930377319528, 0.005689963282807733, 0.0055644410794770905, 0.00546451584999759, 0.005364322562602794, 0.005305283699471352, 0.005245955649316051, 0.005201253411191355, 0.005164856179608745, 0.005125768717765065, 0.005092885723800575, 0.004930460185438209, 0.0049075245740006065, 0.004892969542038054, 0.004874684975907249, 0.004853977196539908, 0.004845194982789495, 0.004751661728737442, 0.004744390130314957, 0.00473120400993185, 0.004719067275518473, 0.0047094101596806565, 0.004664135593399757, 0.004649023019071713, 0.004642058125695541, 0.004638437006425764, 0.004640618130058831, 0.004611449695383361, 0.004608164983303686, 0.004597258166171164, 0.004595445907852095, 0.004590978888643307, 0.004578274788884611, 0.004577945862926823, 0.004575358892374539, 0.004574613480205571, 0.004579470704953231, 0.0045715235439537, 0.004560289932780869, 0.004564014236769011, 0.00456381519412955, 0.004565734370824253, 0.004561921954334256, 0.004560671248679124, 0.004555862397993332], "r2": [0.643407620827043, 0.7328092323476793, 0.7410340564625466, 0.7461445595121106, 0.75050947302361, 0.7544598313799796, 0.7584920892519057, 0.761404300151133, 0.763446581682755, 0.7652417957742402, 0.7667163761777944, 0.7683454365665717, 0.7694478955145052, 0.7753846121289651, 0.7764003779334, 0.7769432176847788, 0.7776198103083326, 0.7786176742848913, 0.7789879494759204, 0.782444575226991, 0.7827671162110649, 0.7833277056701925, 0.7839896849937961, 0.7845366098342607, 0.7861099946327675, 0.7868854972826528, 0.7873425112406441, 0.7873378526369498, 0.7873700202039776, 0.7885726484341266, 0.7887280804933786, 0.7890846819072633, 0.7891711133835964, 0.7893736359670743, 0.7898366800574733, 0.7898441553247356, 0.7902352052203877, 0.7900923030247505, 0.7900653156349745, 0.7904039960168053, 0.7907416402141845, 0.7907197382288271, 0.7906307773904135, 0.7906681506307928, 0.7908062841292914, 0.7908828919395035, 0.7910756925289547], "rmse": [0.09537256682645912, 0.07832561436082452, 0.0765175168005309, 0.07543184528306154, 0.0745951813422093, 0.07392236366619773, 0.0732415357744688, 0.0728373784500194, 0.07242896968282823, 0.07211971582855381, 0.07186693384031868, 0.07159447407282957, 0.07136445700627571, 0.07021723567214967, 0.07005372633915063, 0.06994976441731633, 0.06981894424801373, 0.06967049014137842, 0.06960743482408682, 0.06893229815360462, 0.06887953346470167, 0.06878374815268393, 0.06869546764902669, 0.06862514232903752, 0.0682944770343822, 0.0681837445368888, 0.06813265095162187, 0.06810607172951443, 0.06812208254346626, 0.06790765564635082, 0.06788346619983165, 0.06780308375119205, 0.0677897183048587, 0.06775676267829882, 0.06766294989789176, 0.0676605192333522, 0.06764139924908812, 0.06763588899545545, 0.06767178662451016, 0.06761304270592843, 0.06752991879738099, 0.06755748838410892, 0.0675560152327648, 0.06757021807589682, 0.06754200140900664, 0.06753274204916548, 0.06749712881296012], "val_loss": [0.005787132143614949, 0.005477814260601536, 0.005274204789516926, 0.00536353289156359, 0.005244436499572648, 0.005100596847278243, 0.0050069271334592345, 0.004974677103893075, 0.004957592523022409, 0.004898269135774569, 0.004903883612716816, 0.004914094902153201, 0.004942020702342485, 0.004785165504571402, 0.0048608941349988655, 0.004854246079810489, 0.0048033110893086475, 0.0047773819142879, 0.004821474689670632, 0.0047414925927970995, 0.004740634437215931, 0.004743239218884329, 0.00471458067531413, 0.004752749885860098, 0.004711631862744867, 0.004725612673446618, 0.004703977988939062, 0.004723210874808927, 0.00469819946592857, 0.004690778491976423, 0.0047030311552042625, 0.00469176017665469, 0.004689087811710003, 0.004692298368519622, 0.00468064660188792, 0.0046822444694377685, 0.0046765987219213375, 0.00468115836818673, 0.004677742700504089, 0.004687741088378409, 0.004683607881479105, 0.004678588323286998, 0.004680904318354587, 0.004683755324148025, 0.004684786787270506, 0.004677570564921358, 0.004676912575045658], "val_mae": [0.04822037802056555, 0.04665861673330345, 0.04715148362268685, 0.04712948238113114, 0.04707322003069151, 0.04516244015273367, 0.04591737695270777, 0.04448701032422743, 0.045648949793551, 0.04400463408485098, 0.044075487116629834, 0.04517647785134102, 0.04513040531685389, 0.04390966020707125, 0.0430443657579199, 0.04547845257406909, 0.04363181709356571, 0.043084859645942025, 0.04389970573304002, 0.04383267707449922, 0.044034392745673306, 0.04326572120316882, 0.043287580184670986, 0.043127059987630764, 0.042907483697906666, 0.04344298287586427, 0.04301405836542536, 0.04257765734508584, 0.04317626669180652, 0.04297100673970364, 0.04262270727802675, 0.04305374142826297, 0.04306416756687864, 0.0431681948775282, 0.04309131389297329, 0.042987610363135205, 0.04291994374420262, 0.042769959178719515, 0.04288212423103108, 0.04300799281160984, 0.04289082409658006, 0.04291689931966512, 0.043033235270633526, 0.04298539374640204, 0.04298856140054736, 0.04290829813562372, 0.04288960611119857],