{"loss": [0.14243048852544898, 0.04488607093863973, 0.04488263348424416, 0.044887061792680816, 0.044890402585586686, 0.04489040975009794, 0.04486774123466021, 0.044866860365424685, 0.044871313778187476, 0.044868284484689325, 0.04486789470146896, 0.044862827475299474, 0.04486233818620966, 0.04486135846639644, 0.04486134278779203, 0.04486240318192898, 0.044858294676352155, 0.044858957536704644, 0.0448585815608316], "mae": [0.18444864079665785, 0.16710062887915136, 0.16708920403783176, 0.16709865200225088, 0.16711739183457208, 0.16710041999449682, 0.1670666860598298, 0.16706105957594042, 0.16706547956308815, 0.16705811857722389, 0.16706141564989854, 0.16706192903781586, 0.16705992975421444, 0.1670476933040645, 0.16705582774374508, 0.1670606488735443, 0.16705349703905759, 0.16704838823604837, 0.16704355875047952], "mse": [0.14243048852544898, 0.044886070938639715, 0.04488263348424416, 0.044887061792680816, 0.044890402585586686, 0.04489040975009794, 0.04486774123466021, 0.044866860365424685, 0.044871313778187476, 0.04486828448468933, 0.04486789470146895, 0.044862827475299474, 0.04486233818620966, 0.04486135846639644, 0.044861342787792025, 0.04486240318192898, 0.04485829467635215, 0.044858957536704644, 0.04485858156083159], "r2": [-2.914096972632984, -0.0008000979968912544, -0.0007507332788915614, -0.0008315597108719727, -0.0008959554699911424, -0.0008926210071082963, -0.00036051808517156836, -0.00036740015586815095, -0.0004344097543040881, -0.0003786048451643875, -0.00039650134048866786, -0.00020697263371105556, -0.00022394458580291912, -0.00020168128947946803, -0.00019982835009798214, -0.00020718123532444585, -0.00011352803530262356, -0.00012312210767199497, -0.00011990011899657797], "rmse": [0.3773996403356116, 0.211863330802288, 0.2118552182133925, 0.21186566921679598, 0.21187355329438048, 0.21187357020189646, 0.2118200680640534, 0.21181798876730154, 0.21182850086375882, 0.21182135039860672, 0.21182043032122505, 0.2118084688469738, 0.21180731381661413, 0.21180500104198777, 0.21180496403010018, 0.2118074672478026, 0.2117977683460148, 0.21179933318286118, 0.2117984456053245], "val_loss": [0.045075363263475714, 0.045029115309253354, 0.04514750977478974, 0.04499146368703556, 0.04520808683048484, 0.04499028252319446, 0.04508302232491155, 0.045196454747589376, 0.04498956505143297, 0.045062605390345324, 0.0450119688668036, 0.045107995934758865, 0.04521921288249227, 0.045047217360548966, 0.04507035737300069, 0.04522290988706915, 0.045166307384593714, 0.04514319563709322, 0.04506763879361735], "val_mae": [0.16719154459661079, 0.16805120488605912, 0.1673739759978311, 0.1677569166048838, 0.16741442210796242, 0.1676608859480745, 0.1674166741975771, 0.1675552909098386, 0.16759912762122103, 0.16761236406405017, 0.16755398521998424, 0.16738555106047548, 0.16751353869032293, 0.1677987912889559, 0.1678047993216787, 0.16779231908677186, 0.1676194730055246, 0.16756170882424373, 0.16776967890023967], "val_mse": [0.045075363263475714, 0.045029115309253354, 0.04514750977478974, 0.04499146368703556, 0.045208086830484856, 0.044990282523194446, 0.04508302232491155, 0.045196454747589376, 0.04498956505143298, 0.045062605390345324, 0.0450119688668036, 0.04510799593475887, 0.045219212882492275, 0.045047217360548966, 0.04507035737300069, 0.04522290988706915, 0.045166307384593714, 0.04514319563709322, 0.04506763879361735], "val_r2": [-0.0033053347810054756, -0.001116048853390783, -0.0038277093185514013, -0.0005062323261257884, -0.004917948408954394, -0.0007492695575982052, -0.002575746136523079, -0.004274782336500212, -0.0006820728869286382, -0.0018101992544587258, -0.0010779789073251944, -0.0030579262396746762, -0.00470646530202982, -0.0013233195980797419, -0.0017030990900509895, -0.004321655205561899, -0.003522700272853211, -0.0032369018091276125, -0.0016952437159770313], "val_rmse": [0.21230959296149507, 0.21220064870130195, 0.21247943376898795, 0.21211191311907862, 0.21262193402959362, 0.21210912880683483, 0.2123276296785502, 0.2125945783588786, 0.2121074375203118, 0.21227954538849314, 0.21216024336996694, 0.21238643067474644, 0.21264809635285306, 0.21224329756331287, 0.21229780350488955, 0.2126567889512798, 0.21252366311682497, 0.21246928163170606, 0.21229140065866386], "learning_rate": [0.001, 0.001, 0.001, 0.001, 0.001, 0.001, 0.0005, 0.0005, 0.0005, 0.0005, 0.0005, 0.00025, 0.00025, 0.00025, 0.00025, 0.00025, 0.000125, 0.000125, 0.000125], "training_time": 110.48706793785095}